Pangkalanbuun,3095
Udaipur,3095
Elim,3095
Kosrae,3095
Indore,3095
San Jose,3095
Can Tho,3095
Kitoi Bay,3095
Ishigaki,3095
Chico,3095
Kharkov,3095
International Falls,3095
Belo Horizonte,3095
Ketapang,3095
Denizli,3095
Mashad,3095
Ilaam,3095
Lanai City,3095
Gorontalo,3095
Nashville,3095
Qaisumah,3095
Banmethuot,3095
Inukjuak,3095
Tatalina,3095
Chester,3095
Pelotas,3095
Nassau,3095
Waingapu,3095
Sandspit,3095
Deauville,3095
Kananga,3095
Elko,3095
Jayapura,3095
Longreach,3095
Mulhouse/Basel,3095
Sinop,3095
Nanortalik,3095
Cajamarca,3095
Independence,3095
Lyon,3095
Saint Cloud,3095
Aizawl,3095
Changzhou,3095
Salina,3095
Fukuoka,3095
Burketown,3095
Yakutat,3095
Al-Baha,3095
Campina Grande,3095
Suva,3095
Edremit/Korfez,3095
Bakersfield,3095
Santa Maria,3095
Tambolaka,3095
Armenia,3095
Fort Good Hope,3095
Monbetsu,3095
Apartado,3095
Mbandaka,3095
Rabaul,3095
Port Augusta,3095
Stony River,3095
Wilmington,3095
Maturin,3095
Barcelona,3095
Indaselassie,3095
Lourdes/Tarbes,3095
Ramata,3095
Kota Bharu,3095
Basco,3095
Saurimo,3095
Antsiranana,3095
Ravensthorpe,3095
Puerto Princesa,3095
La Coruna,3095
King Island,3095
Kwethluk,3095
Dili,3095
Gilgit,3095
Manila,3095
Kuala Lumpur,3095
Parintins,3095
Mendi,3095
Achutupo,3095
Sandane,3095
Iquitos,3095
New York,3095
Ciudad Del Carmen,3095
Nagoya,3095
Tampico,3095
Brandon,3095
Comox,3095
Bonaventure,3095
Juneau,3095
South Bend,3095
Niigata,3095
Ahe,3095
Moline,3095
Roche Harbor,3095
Kuujjuaq,3095
Casablanca,3095
Hangzhou,3095
George Town,3095
Kamuela,3095
Belgaum,3095
St Etienne,3095
Learmonth,3095
Laramie,3095
Eday,3095
Veracruz,3095
Pontianak,3095
Teller,3095
Gaua,3095
Mount Isa,3095
Bandar Abbas,3095
Panjgur,3095
Williston,3095
Sambava,3095
Governador Valadares,3095
Mosul,3095
Samarkand,3095
Calvi,3095
Mananara,3095
Baotou,3095
Chah-Bahar,3095
Ipoh,3095
Klamath Falls,3095
Merauke,3095
Fukushima,3095
Malindi,3095
Asturias,3095
Wichita,3095
Harare,3095
Oran,3095
Denver,3095
Kalemie,3095
Fairbanks,3095
Mpacha,3095
Bandung,3095
Lonorore,3095
Kaliningrad,3095
Vitoria Da Conquista,3095
Yeosu,3095
Stavropol,3095
Gaziantep,3095
Jessore,3095
Volgograd,3095
Bridgetown,3095
Dalaman,3095
Honiara,3095
College Station,3095
Lockhart River,3095
Juzhou,3095
Iwami,3095
Grande Prairie,3095
Cicia,3095
Metlakatla,3095
Namibe,3095
Liping City,3095
Lalibela,3095
Luderitz,3095
Imphal,3095
Augsburg,3095
Vishakhapatnam,3095
Barcaldine,3095
Adak Island,3095
Huron,3095
Erfurt,3095
Geraldton,3095
Caracas,3095
Tuguegarao,3095
Chelyabinsk,3095
Farmington,3095
Ontario,3095
Oradea,3095
Oita,3095
Mcgrath,3095
South West Bay,3095
Lilongwe,3095
Coca,3095
Savoonga,3095
Kongolo,3095
Sainte Marie,3095
Bahia Solano,3095
Borlange/Falun,3095
Manado,3095
Labuan,3095
Abakan,3095
Luoyang,3095
Semipalatinsk,3095
Quinhagak,3095
Providencia,3095
Bhavnagar,3095
Astypalaia Island,3095
Appleton,3095
Bradford,3095
Datong,3095
Gorakhpur,3095
Flin Flon,3095
Massawa,3095
Kalamazoo,3095
Kramfors,3095
Beirut,3095
Selawik,3095
Kokshetau,3095
Dawadmi,3095
Craig Cove,3095
Coen,3095
Horn Island,3095
Williamsport,3095
Hakodate,3095
Florencia,3095
Pamplona,3095
Skiathos,3095
Perryville,3095
Butuan,3095
Taree,3095
San Luis,3095
Tsushima,3095
Roswell,3095
Ambon,3095
Barquisimeto,3095
Port Harcourt,3095
Milingimbi,3095
Kavieng,3095
Sydney,3095
Zhi Jiang,3095
Sveg,3095
Christchurch,3095
San Andres Island,3095
Alderney,3095
North Bend,3095
Ramsar,3095
Tanana,3095
Yun Cheng,3095
Galena,3095
Seiyun,3095
Champaign,3095
Nuremberg,3095
Changuinola,3095
Sioux Falls,3095
Potosi,3095
Macapa,3095
Pago Pago,3095
Ibadan,3095
Harstad-Narvik,3095
Unalakleet,3095
St Croix Island,3095
Toulon,3095
Pula,3095
Pagadian,3095
Red Lake,3095
Kumamoto,3095
Topeka,3095
Cape Town,3095
Riberalta,3095
Alahsa,3095
Agatti Island,3095
Phu Quoc,3095
Chifeng,3095
Odessa,3095
Kaitaia,3095
Karlstad,3095
Shimkent,3095
Sukhothai,3095
Bristol,3095
Sao Vicente,3095
Bella Coola,3095
Nanaimo,3095
Barnaul,3095
Ilheus,3095
Surat,3095
Bratislava,3095
Barra,3095
Garachine,3095
Zaragoza,3095
Pune,3095
Vanuabalavu,3095
Ukhta,3095
Bahia Blanca,3095
Martinsburg,3095
Fortuna,3095
Heho,3095
Bukavu,3095
Wamena,3095
Emae,3095
Antigua,3095
Omaha,3095
Patras,3095
Kzyl-Orda,3095
Manama,3095
Whangarei,3095
Sandakan,3095
Tumaco,3095
Resistencia,3095
Chetumal,3095
Polokwane,3095
Xuzhou,3095
Norwich,3095
Lansdowne House,3095
Nador,3095
Ji An,3095
Ulanhot,3095
Pietermaritzburg,3095
Miami,3095
Barrancabermeja,3095
Hervey Bay,3095
Rennes,3095
Kosice,3095
Balsas,3095
Khanty-Mansiysk,3095
Wick,3095
Nightmute,3095
Sege,3095
Ankara,3095
Trelew,3095
Cayenne,3095
Kocaeli,3095
Yola,3095
Mar Del Plata,3095
Charlottetown,3095
Port Sudan,3095
Kindu,3095
Keng Tung,3095
Kwigillingok,3095
Nome,3095
Losuia,3095
Savannah,3095
Nosara Beach,3095
Montgomery,3095
Seal Bay,3095
Athens,3095
Cape Dorset,3095
Savannakhet,3095
Edna Bay,3095
Garoua,3095
Hasvik,3095
Al Ain,3095
Surigao,3095
Corning,3095
Upington,3095
Gwadar,3095
Bagotville,3095
Butte,3095
Virgin Gorda,3095
Arkhangelsk,3095
Kotlik,3095
Las Palmas,3095
San Jose Del Gua,3095
La Chorrera,3095
Sao Tome Is,3095
Maroantsetra,3095
Isfahan,3095
Arica,3095
Salluit,3095
Lutselke/Snowdrift,3095
Asmara,3095
Tamarindo,3095
Mirnyj,3095
Anvik,3095
Halifax,3095
Las Piedras,3095
Porto,3095
Madeira,3095
Alexandroupolis,3095
Quetta,3095
Colorado Springs,3095
Jonkoping,3095
Daru,3095
Harbin,3095
Zaporozhye,3095
Svolvaer,3095
Blagoveschensk,3095
Kithira,3095
Bario,3095
Maningrida,3095
Noatak,3095
Newquay,3095
Pemba,3095
Kigali,3095
Toulouse,3095
Manaus,3095
Lansing,3095
Namangan,3095
Jos,3095
Bournemouth,3095
Shageluk,3095
Round Lake,3095
Miyazaki,3095
Nadym,3095
Orsk,3095
Sal,3095
Tongoa,3095
Santa Terezinha,3095
Putao,3095
Joacaba,3095
Pardubice,3095
Khabarovsk,3095
Beziers,3095
Cleveland,3095
Sandnessjoen,3095
Chennai/Madras,3095
Queenstown,3095
Lima,3095
Erechim,3095
Alliance,3095
Magadan,3095
Nantes,3095
Cork,3095
Chiang Mai,3095
Sept-Iles,3095
Coro,3095
Rangiroa,3095
Meridian,3095
Bam,3095
Catamarca,3095
Kisumu,3095
Jauja,3095
Krakow,3095
Manchester,3095
Milwaukee,3095
Altamira,3095
Dawe,3095
Linz,3095
Burnie,3095
Aktyubinsk,3095
Trujillo,3095
Bangor,3095
Kostanay,3095
Sert,3095
Syracuse,3095
Abingdon,3095
Gunsan AB,3095
Anaktuvuk,3095
Papa Westray,3095
Albany,3095
Providence,3095
Parkes,3095
Rodez,3095
Arad,3095
Sivas,3095
Terrace,3095
Fresno,3095
Timmins,3095
Blenheim,3095
Misawa,3095
Cherskiy,3095
St Vincent,3095
Bucaramanga,3095
Bismarck,3095
Yonago,3095
Humberside,3095
Gerona,3095
Saidpur,3095
Kuala Terengganu,3095
Mumbai,3095
Vilhena,3095
Morondava,3095
Mandalay,3095
Rio De Janeiro,3095
Dawson Creek,3095
Semera,3095
Arar,3095
Port Moresby,3095
Muskrat Dam,3095
Bhadrapur,3095
Baia Mare,3095
Bechar,3095
Kitchener/Waterloo,3095
Coober Pedy,3095
Nepalganj,3095
Cedar City,3095
Surabaya,3095
Dourados,3095
Tulear,3095
Ust-Kut,3095
Santiago Del Estero,3095
Rock Sound,3095
Xiamen,3095
Osaka,3095
Puerto Montt,3095
Port Elizabeth,3095
Con Dao,3095
Atlantic City,3095
Mazar-I-Sharif,3095
Kota Kinabalu,3095
Waterford,3095
Gwalior,3095
Rundu,3095
Salisbury-Ocean City,3095
Khajuraho,3095
Pikangikum,3095
Natal,3095
Alexandria,3095
Utila,3095
Arviat,3095
El Oued,3095
Bossaso,3095
Marquette,3095
Sao Felix Do Araguaia,3095
Longyearbyen,3095
Sheldon Point,3095
Ittoqqortoormiit,3095
Nevsehir,3095
Point Hope,3095
Columbia,3095
Bom Jesus Da Lapa,3095
Wakkanai,3095
Shirahama,3095
Tarapaca,3095
Arequipa,3095
Moron,3095
Mannheim,3095
Kirakira,3095
Bangui,3095
Pohnpei,3095
Sofia,3095
Valparaiso,3095
Lynchburg,3095
Asuncion,3095
Kinmen,3095
Khudzhand,3095
Pavlodar,3095
Vadodara,3095
Minneapolis,3095
Riohacha,3095
Kemerovo,3095
Bacolod,3095
Cayo Coco,3095
Santo Domingo,3095
Kobe,3095
Ngaoundere,3095
Almaty,3095
Tamworth,3095
Mombasa,3095
Esmeraldas,3095
Mechria,3095
Broome,3095
Kassel,3095
Mccook,3095
Gallivare,3095
Da Nang,3095
Antofagasta,3095
Waco,3095
Nottingham,3095
Sudbury,3095
Concepcion,3095
Poitiers,3095
Agadir,3095
Buka,3095
Lakeba,3095
Stronsay,3095
Chipata,3095
Akhiok,3095
Banjarmasin,3095
Paducah,3095
Lusaka,3095
Leknes,3095
Linyi,3095
Ca Mau,3095
Trombetas,3095
Ulsan,3095
Batam,3095
St Maarten,3095
San Martin DeLos Andes,3095
Bisha,3095
Columbus,3095
Iles De La Madeleine,3095
Ourilandia,3095
Inagua,3095
Kimmirut/Lake Harbour,3095
Kangirsuk,3095
Cologne,3095
Gulfport,3095
Bologna,3095
Easter Island,3095
Futuna Island,3095
St Lucia,3095
Adelaide,3095
Presidente Prudente,3095
Mornington,3095
Windhoek,3095
Hobart,3095
Banja Luka,3095
Fort Albany,3095
Fera Island,3095
Nuiqsut,3095
Nuevo Laredo,3095
Kemi/Tornio,3095
Adana,3095
Mulu,3095
Porto Santo,3095
Port Hardy,3095
Hoskins,3095
Oklahoma City,3095
Allahabad,3095
Mascara,3095
Port Hedland,3095
Napaskiak,3095
Healy Lake,3095
Tucson,3095
Crescent City,3095
Santa Ana,3095
Zagreb,3095
Lihir Island,3095
Ogoki,3095
Bol,3095
Torres,3095
Berlin,3095
Aalesund,3095
Phuket,3095
Aguascalientes,3095
Ulei,3095
Yacuiba,3095
Puerto Inirida,3095
Edmonton,3095
Valdosta,3095
Saarbruecken,3095
Kau,3095
Jerez De La Frontera,3095
Umiujaq,3095
Kirkenes,3095
Sfax,3095
Pekanbaru,3095
Ciudad Juarez,3095
Solwezi,3095
Vienna,3095
Lamu,3095
Edinburgh,3095
Ambler,3095
Montevideo,3095
Gwangju,3095
Silver Creek,3095
Cayman Brac Is,3095
Hodeidah,3095
Alice Springs,3095
Makale,3095
Dimapur,3095
East Main,3095
Bintulu,3095
Tiga,3095
Spokane,3095
Chita,3095
Barisal,3095
Kona,3095
Hopedale,3095
Kone,3095
Pickle Lake,3095
Kadhdhoo,3095
Fort Leonard Wood,3095
Anshan,3095
Metz/Nancy,3095
Thorne Bay,3095
Bahia Pinas,3095
Havre St Pierre,3095
Mosjoen,3095
Arauca,3095
Mbuji Mayi,3095
Plovdiv,3095
Muscat,3095
Arcata,3095
Kaadedhdhoo,3095
Port Protection,3095
Dutch Harbor,4
Trincomalee,3095
Gothenburg,3095
Redang,3095
Shanghai,3095
Muskegon,3095
Bhubaneswar,3095
Sharurah,3095
Saranac Lake,3095
Criciuma,3095
The Bight,3095
Lifou,3095
Palenque,3095
Sanya,3095
Ciudad Obregon,3095
Rouyn,3095
Pomala,3095
Charlotte,3095
Arua,3095
Vail/Eagle,3095
Chios,3095
Lagos,3095
Padang,3095
Tamatave,3095
Abilene,3095
Santana Do Araguaia,3095
Palangkaraya,3095
Oslo,3095
Liverpool,3095
Orange Walk,3095
Dulles DC,3095
Buenaventura,3095
Casper,3095
Villavicencio,3095
Uruguaiana,3095
Ghardaia,3095
Ostend,3095
Kirksville,3095
Watertown,3095
Tongliao,3095
Rio Verde,3095
Mackay,3095
Yibin,3095
Tuxtla Gutierrez,3095
Adrar,3095
Juba,3095
Mytilene,3095
Innsbruck,3095
Kingston,3095
Shreveport,3095
Wolf Point,3095
Araxa,3095
Winnipeg,3095
Zahedan,3095
Iron Mountain,3095
Olympic Dam,3095
Dhangarhi,3095
Torsby,3095
Luanda,3095
Tagbilaran,3095
Basra,3095
Kasigluk,3095
Skopje,3095
Bakalalan,3095
Bangda,3095
Juliaca,3095
Kasabonika,3095
Florence,3095
El Dorado,3095
Petrolina,3095
Corumba,3095
Nejran,3095
Bornholm,3095
Milan/bergamo,3095
Boston,3095
Cunnamulla,3095
Freetown,3095
Ende,3095
Vilanculos,3095
Montpellier,3095
Perm,3095
Mehamn,3095
Nagpur,3095
Kushiro,3095
Sangir,3095
Worland,3095
Erzurum,3095
Nyala,3095
Zhambyl,3095
Praia,3095
Mohenjodaro,3095
Skagway,3095
Killeen,3095
Caticlan,3095
Klaipeda/Palanga,3095
Termez,3095
Fort Mcpherson,3095
Mauke Island,3095
Belep Island,3095
Sigiriya,3095
Nauru Island,3095
Kos,3095
Ipatinga,3095
Atoifi,3095
Kotabaru,3095
Iguazu,3095
Trat,3095
Elazig,3095
Maniitsoq,3095
Gelendzik,3095
Bilbao,3095
Sundsvall,3095
Nabire,3095
Zhengzhou,3095
Hat Yai,3095
Konya,3095
Lorient,3095
Timisoara,3095
Wapenamanda,3095
Komatsu,3095
Eugene,3095
Fort Simpson,3095
Dubrovnik,3095
Quilpie,3095
Papeete,3095
Fergana,3095
Kearney,3095
Annaba,3095
Santa Marta,3095
Emerald,3095
Tripoli,3095
Lodwar,3095
Poplar Hill,3095
Nikolai,3095
LingLing,3095
Westerland,3095
Malange,3095
St. John's,3095
Kristiansund,3095
Ua Huka,3095
Rae Lakes,3095
Noorvik,3095
Prince George,3095
Vadso,3095
Teller Mission,3095
Morgantown,3095
Whyalla,3095
Tabuk,3095
Teresina,3095
Yanbu,3095
Banjul,3095
Barranquilla,3095
Narvik,3095
St Petersburg,3095
Alpena,3095
Seattle,3095
Akiachak,3095
Port Lincoln,3095
Malaga,3095
Santa Fe,3095
Worcester,3095
Faroe Islands,3095
Mildenhall,3095
Syktyvkar,3095
Port Gentil,3095
Mamuju,3095
Newcastle,3095
Ipota,3095
Taif,3095
Turaif,3095
Puerto Lempira,3095
Puerto Jimenez,3095
Taiz,3095
Rotorua,3095
Flinders Island,3095
Tokushima,3095
Ba,3095
Staunton,3095
Arvidsjaur,3095
Rach Gia,3095
Langgur,3095
Pellston,3095
Gurayat,3095
Port Menier,3095
Aneityum,3095
Whale Cove,3095
Kalibo,3095
Tokyo,3095
Menongue,3095
Shiraz,3095
Koyuk,3095
East London,3095
Kalispell,3095
Sao Gabriel,3095
Rapid City,3095
Inverness,3095
Cagliari,3095
Vijayawada,3095
Assuncion,3095
Voronezh,3095
Malmo,3095
Guanaja,3095
Rhinelander,3095
Saint George,3095
Sanikiluaq,3095
Nagasaki,3095
Brest,3095
Tame,3095
Goulimime,3095
Rajkot,3095
Kermanshah,3095
Madurai,3095
Alor Setar,3095
Agartala,3095
Lokichoggio,3095
Bremen,3095
Sola,3095
Kursk,3095
Malabo,3095
Beaver,3095
Perpignan,3095
Hagerstown,3095
Wainwright,3095
Pico Island,3095
Caye Caulker,3095
Mangaia Island,3095
Abha,3095
Rarotonga,3095
Labuan Bajo,3095
Reggio Calabria,3095
Polyarnyj,3095
Udon Thani,3095
Igloolik,3095
Medicine Hat,3095
Ndola,3095
Pasco,3095
Karshi,3095
King Cove,3095
Cacador,3095
Little Cayman,3095
Nanyuki,3095
Fredericton,3095
Stavanger,3095
Mount Hagen,3095
Port Macquarie,3095
Xichang,3095
Kingfisher Lake,3095
Cheongju,3095
Praslin Island,3095
Shenzhen,3095
Campbeltown,3095
Kansas City,3095
Luang Namtha,3095
Wemindji,3095
Bar Harbor,3095
Cotonou,3095
Bangkok,3095
Tok,2
Niamey,3095
Sukkur,3095
Newman,3095
Toronto,3095
Mtwara,3095
Bagdogra,3095
Beni,3095
Portland,3095
Jimma,3095
Chalons Sur Marne,3095
Hancock,3095
Lincang,3095
Malang,3095
Moscow,3095
Formosa,3095
Tallahassee,3095
La Serena,3095
Grise Fiord,3095
Lubeck,3095
Huambo,3095
Surgut,3095
Merced,3095
Manizales,3095
Wadi Ad Dawasir,3095
Tshikapa,3095
Ujung Pandang,3095
Zouerate,3095
Grand Turk Is,3095
Vientiane,3095
Lae,3095
Penza,3095
Umea,3095
Lar,3095
Zacatecas,3095
Saratov,3095
Ozamis City,3095
Wha Ti/Lac La Martre,3095
Lethbridge,3095
Hobbs,3095
Rampart,3095
Dillingham,3095
Tauranga,3095
Treviso,3095
Billings,3095
Truk,3095
Kenora,3095
Ceduna,3095
Novosibirsk,3095
Gambier Is,3095
Qinhuangdao,3095
Kendari,3095
Tari,3095
Oaxaca,3095
Pakuashipi,3095
Greenville,3095
Raipur,3095
Invercargill,3095
Dien Bien Phu,3095
Iasi,3095
Albury,3095
St Thomas Island,3095
Kuantan,3095
Mae Hong Son,3095
Delhi,3095
Frankfurt,3095
Puerto Obaldia,3095
Fort Frances,3095
San Vicente,3095
Ithaca,3095
Zhuhai,3095
Sirri Island,3095
Darwin,3095
Krabi,3095
Hamilton,3095
Rostov,3095
Izumo,3095
Syros Island,3095
Ruby,3095
Chaoyang,3095
Bissau,3095
Masbate,3095
Diyarbakir,3095
Tasiuasaq,3095
Leh,3095
Igarka,3095
Narrandera,3095
Tanjung Pandan,3095
Monrovia,3095
Zhaotong,3095
Vaxjo,3095
Honningsvag,3095
Prescott,3095
Takotna,3095
Baoshan,3095
Warri,3095
Francistown,3095
Kamembe,3095
New Bern,3095
Toyama,3095
Normanton,3095
Dubbo,3095
Fuyang,3095
Tembagapura,3095
Dalbandin,3095
Astrakhan,3095
Melilla,3095
Knoxville,3095
Milan,3095
Texarkana,3095
Fagernes,3095
Chicken,2
Boende,3095
Amman,3095
Choibalsan,3095
Takamatsu,3095
Shijiazhuang,3095
Dubai,3095
Ciudad Victoria,3095
Providenciales,3095
Guapi,3095
Bukhara,3095
South Naknek,3095
Manzanillo,3095
Eskisehir,3095
Oksibil,3095
Kipnuk,3095
Chandigarh,3095
Atyrau,3095
Solovetsky,3095
Saravena,3095
Garden City,3095
Rurutu,3095
Bulolo,3095
Roxas City,3095
Tununak,3095
Ahwaz,3095
New Plymouth,3095
Norsup,3095
Kristianstad,3095
Myitkyina,3095
Aswan,3095
Nossi-be,3095
Takapoto,3095
Chisholm,3095
Egegik,3095
Yuzhno-Sakhalinsk,3095
Vitoria,3095
Ndjamena,3095
Kasos Island,3095
Punta Gorda,3095
Xi An,3095
Alotau,3095
Soyo,3095
Galapagos Is,3095
Culiacan,3095
Bocas Del Toro,3095
Fort Wayne,3095
Lord Howe Island,3095
Tuntutuliak,3095
Roanoke,3095
Pantelleria,3095
Taiyuan,3095
Saba Island,3095
Chongqing,3095
Chuathbaluk,3095
Sao Jorge Island,3095
Ostersund,3095
Kitale,3095
Bemidji,3095
Pasto,3095
Salt Cay,3095
Chihuahua,3095
Hargeisa,3095
Blantyre,3095
Rigolet,3095
Anchorage,3095
Colima,3095
Yantai,3095
Tunis,3095
Al Hoceima,3095
Koggala,3095
Oshima,3095
Tenerife,3095
Kasese,3095
San Diego,3095
Touho,3095
State College,3095
Yanji,3095
Jinan,3095
Ulaangom,3095
Wajir,3095
Kerteh,3095
Brunswick,3095
Karachi,3095
Cozumel,3095
Dezful,3095
Gawahati,3095
Izhevsk,3095
Wausau,3095
Donegal,3095
Araraquara,3095
Hong Kong,3095
Algiers,3095
Lopez Island,2
Mataiva,3095
Uliastai,3095
Abuja,3095
Sand Point,3095
Aracatuba,3095
Craiova,3095
Kangiqsujuaq,3095
Cancun,3095
Nice,3095
Izmir,3095
Ube,3095
Leon/Guanajuato,3095
Corpus Christi,3095
Lappeenranta,3095
Allentown,3095
Tacna,3095
Dharamsala,3095
Bunia,3095
Fortaleza,3095
Perugia,3095
Kyaukpyu,3095
Bahar Dar,3095
Kozhikode,3095
Vladivostok,3095
San Salvador,3095
Ushuaia,3095
Kefallinia,3095
Meixian,3095
Peoria,3095
Sorkjosen,3095
Akron/Canton,3095
Mahe Island,3095
Batna,3095
Marshall,3095
Banda Aceh,3095
San Pedro,3095
Mo I Rana,3095
Westchester County,3095
Lahore,3095
Bolzano,3095
Paulo Afonso,3095
Qaarsut,3095
Bengkulu,3095
Parana,3095
Corvo Island,3095
Timaru,3095
Jeju,3095
Gaborone,3095
Los Angless,3095
Russian Mission,3095
Quimper,3095
Ufa,3095
Ataq,3095
Zanzibar,3095
Egilsstadir,3095
Dire Dawa,3095
Lamerd,3095
Esbjerg,3095
Cap Haitien,3095
Killarney/Kerry,3095
Menorca,3095
Strasbourg,3095
Makkovik,3095
Nuqui,3095
Bordeaux,3095
Cranbrook,3095
Khoy,3095
Stord,3095
Tartu,3095
Shillong,3095
Lloydminster,3095
Puerto Plata,3095
Tingo Maria,3095
Biratnagar,3095
Bongouanou,3095
Hagfors,3095
Kangerlussuaq,3095
La Rochelle,3095
Daytona Beach,3095
Setif,3095
Durban,3095
Rutland,3095
Tirgu Mures,3095
Kongiganak,3095
Podgorica,3095
Webequie,3095
St Louis,3095
Beaumont,3095
Aksu,3095
Mbeya,3095
Utapao,3095
Minacu,3095
Cape Girardeau,3095
Altay,3095
Hualien,3095
Samburu,3095
Aspen,3095
Provincetown,3095
Fort Severn,3095
La Pedrera,3095
Exeter,3095
Sioux City,3095
Diu,3095
Pajala,3095
San Ignacio,3095
Durango,3095
Tuluksak,3095
Jijiga,3095
Faro,3095
Berlevag,3095
Johannesburg,3095
Chlef,3095
Basel Mulhouse Freiburg,3095
Majuro,3095
Nairobi,3095
Kuressaare,3095
Wrangell,3095
Molde,3095
Amami O Shima,3095
Poso,3095
Janakpur,3095
Buffalo,3095
Sacramento,3095
Saint Paul Island,3095
Mount Pleasant,3095
Mitiaro Island,3095
Long Island,3095
Sokoto,3095
Jingdezhen,3095
St Pierre dela Reunion,3095
Pori,3095
Ua Pou,3095
Groznyj,3095
Beida,3095
Mazatlan,3095
Altai,3095
San Sebas De La Gomera,3095
Balmaceda,3095
Suavanao,3095
Rotterdam,3095
Youngstown,3095
Kristiansand,3095
Golovin,3095
Cat Lake,3095
Kufrah,3095
Hanimaadhoo,3095
Groningen,3095
Wilkes-Barre,3095
Aupaluk,3095
Sarnia,3095
El Golea,3095
Atka,4
Nanchong,3095
North Eleuthera,3095
Tegucigalpa,3095
Jambi,3095
Bearskin Lake,3095
King Salmon,3095
Tarapoto,3095
Cucuta,3095
Johnstown,3095
Tiree,3095
Copenhagen,3095
Kegaska,3095
Fort Mcmurray,3095
Nantong,3095
Aniak,3095
Angouleme,3095
Cumana,3095
Takoradi,3095
Fort St John,3095
Snare Lake,3095
Wallis Island,3095
Boulia,3095
Bellingham,3095
Doncaster,3095
Rock Springs,3095
Hubli,3095
Ahmedabad,3095
Alta Floresta,3095
Cold Bay,3095
Parma,3095
Madinah,3095
Arba Mintch,3095
Koh Samui,3095
Port Williams,3095
Moab,3095
Escanaba,3095
Skardu,3095
Cotabato,3095
Piedras Negras,3095
Marudi,3095
Yinchuan,3095
Bangalore,3095
Burlington,3095
Libreville,3095
Tacheng,3095
Port Angeles,3095
Kawthaung,3095
Takaroa,3095
Tetuan,3095
Daxian,3095
Urumqi,3095
Guang Yuan,3095
Cabo Frio,3095
Anadyr,3095
Shungnak,3095
Now Shahr,3095
Mian Yang,3095
Chignik,3095
Aberdeen,3095
Dublin,3095
Salvador,3095
Oranjemund,3095
Iguassu Falls,3095
Kaschechewan,3095
Corozal,3095
Ayacucho,3095
Idaho Falls,3095
Plettenberg Bay,3095
Sao Jose Dos Campos,3095
Gambela,3095
Cortez,3095
Sleetmute,3095
Bodo,3095
Hassi Messaoud,3095
Sidney,3095
Mauritius,3095
Tulsa,3095
Uzhgorod,3095
Norfolk Island,3095
West Palm Beach,3095
Gambell,3095
Caen,3095
Churchill Falls,3095
Nadi,3095
Pohang,3095
Huntsville,3095
Macau,3095
Naga,3095
Limnos,3095
Macas,3095
Nunapitchuk,3095
Dayton,3095
Ciudad del Este,3095
Aqaba,3095
Pointe Noire,3095
Tehran,3095
Kagau,3095
Gafsa,3095
Pevek,3095
Noumea,3095
Macae,3095
Paris,3095
Vilhelmina,3095
Hao Island,3095
Yancheng,3095
Wedjh,3095
Nain,3095
Langkawi,3095
Red Deer,3095
Wroclaw,3095
Warsaw,3095
Isle Of Man,3095
Yiwu,3095
Mayaguez,3095
Wabush,3095
Naha,3095
Oulu,3095
Flores,3095
Oujda,3095
Midland,3095
Bandar Lengeh,3095
Walla Walla,3095
London,3095
Split,3095
Lushan,3095
Sao Filipe,3095
Logrono,3095
Louisville,3095
Aruba,3095
Karamay,3095
Teterboro,3095
Nimes,3095
Jammu,3095
Ajaccio,3095
Cali,3095
Navoi,3095
Inhambane,3095
Pokhara,3095
Florianopolis,3095
Windsor Locks,3095
Sao Paulo,3095
Rum Cay,3095
Grand Junction,3095
Torreon,3095
Iquique,3095
Taitung,3095
Tulita/Fort Norman,3095
Mardin,3095
Ketchikan,3095
Hughes,3095
Marilia,3095
Harlingen,3095
Postville,3095
Kiev,3095
Gillam,3095
Zonguldak,3095
Zurich,3095
Kuito,3095
Melbourne,3095
Paama,3095
Pereira,3095
The Pas,3095
Myrtle Beach,3095
Andenes,3095
Saint Marys,3095
Asosa,3095
Lichinga,3095
Catumbela,3095
San Jose Cabo,3095
Rochester,3095
Calgary,3095
Crooked Island,3095
Lanzhou,3095
Paros,3095
Shaktoolik,3095
El Calafate,3095
Taveuni,3095
Pakuba,3095
Yerevan,3095
Tirupati,3095
Maracaibo,3095
Constantine,3095
Munda,3095
Chittagong,3095
Vigo,3095
Bishkek,3095
Valverde,3095
Tumbes,3095
Goiania,3095
Regina Saskatchewan,3095
Panama City,3095
Walaha,3095
St Eustatius,3095
Zamboanga,3095
Hoolehua,3095
Van,3095
La Crosse,3095
Pangkalpinang,3095
Monterrey,3095
Haifa,3095
Vinnica,3095
Choiseul Bay,3095
Gladstone,3095
Natashquan,3095
Barter Island,3095
Macon,3095
Leeds,3095
Redding,3095
Orland,3095
Anguilla,3095
Abadan,3095
Moorea,3095
Port Heiden,3095
Kundiawa,3095
Stornoway,3095
Kelowna,3095
Tangier,3095
Heraklion,3095
Haikou,3095
Tekirdag,3095
Rijeka,3095
Rodrigues Is,3095
Allakaket,3095
Luang Prabang,3095
Mora,3095
Passo Fundo,3095
Nojabrxsk,3095
Salt Lake City,3095
Puerto del Rosario,3095
Moro,3095
Constanta,3095
Dunhuang,3095
Manihi,3095
Xining,3095
Sittwe,3095
Beckley,3095
Viedma,3095
Quibdo,3095
Cuzco,3095
Bundaberg,3095
Bodrum,3095
Chimoio,3095
Castlegar,3095
Rafha,3095
Quelimane,3095
Brownsville,3095
Central,3095
Campos,3095
Dera Ghazi Khan,3095
Popayan,3095
Eek,3095
Ukunda,3095
Mus,3095
Ho Chi Minh City,3095
Nelson Lagoon,3095
Quaqtaq,3095
Majunga,3095
Attawapiskat,3095
Angoon,3095
Long Banga,3095
Andahuaylas,3095
Kagoshima,3095
Ibague,3095
Huatulco,3095
Lanseria,3095
Esquel,3095
Andizhan,3095
Geelong,3095
Poznan,3095
Colombo,3095
Lulea,3095
Tbessa,3095
Chicago,3095
Maumere,3095
Neiva,3095
Zhezkazgan,3095
Alta,3095
Morelia,3095
Yakima,3095
Horta,3095
Long Beach,3095
Carcassonne,3095
Isparta,3095
Belgrade,3095
Quebec City,3095
In Amenas,3095
Wenzhou,3095
Kerkyra,3095
Massena,3095
Jaipur,3095
Posadas,3095
Reus,3095
San Sebastian,3095
Bergerac,3095
Tamky,3095
Lisbon,3095
Qiqihar,3095
Parkersburg,3095
Rennell,3095
Salzburg,3095
Nelspruit,3095
Penticton,3095
Nuku Hiva,3095
Aden,3095
Jiujiang,3095
Galcaio,3095
Newburgh,3095
Dakhla,3095
Puerto Asis,3095
Old Harbor,3095
Floro,3095
Ubari,3095
Neryungri,3095
Maceio,3095
Guilin,3095
Bamaga,3095
Hydaburg,3095
Uruapan,3095
Benin City,3095
Djibouti,3095
St Denis de la Reunion,3095
Hamadan,3095
Xilinhot,3095
Orlando,3095
Pan Zhi Hua,3095
Yasouj,3095
Coffs Harbour,3095
Lodja,3095
Yazd,3095
Imperial,3095
Copiapo,3095
Mexico City,3095
Ongiva,3095
San Luis Potosi,3095
Ust-kamenogorsk,3095
Kaimana,3095
Puerto Vallarta,3095
Trinidad,3095
Ikaria Island,3095
Elfin Cove,3095
Circle,3095
Jiamusi,3095
Petrozavodsk,3095
Jamestown,3095
Bandar Mahshahr,3095
Chefornak,3095
Sheffield,3095
Makung,3095
Chiang Rai,3095
St Barthelemy,3095
Arctic Bay,3095
Moroni,3095
Coldfoot,3095
Semarang,3095
Santarem,3095
Kimberley,3095
Cacoal,3095
Aurukun Mission,3095
Bukoba,3095
Whakatane,3095
Shetland Islands,3095
Cedar Rapids,3095
Abidjan,3095
Abbotsford,3095
Osijek,3095
Ovda,3095
Lencois,3095
Baker Lake,3095
Trapani,3095
Terceira Island,3095
Balikesir,3095
Skiros,3095
Omsk,3095
Kozani,3095
Lampang,3095
Urmieh,3095
Nan,3095
Kowanyama,3095
Bamako,3095
Ulan-ude,3095
Bucharest,3095
Camaguey,3095
Yogyakarta,3095
Campo Grande,3095
Kenai,3095
Gunsan,3095
Klawock,3095
Grenada,3095
Paulatuk,3095
Hooper Bay,3095
Bejaia,3095
Lugano,3095
Neerlerit Inaat,3095
Karup,3095
Wellington,3095
Nelson,3095
Key West,3095
Pucallpa,3095
Atuona,3095
Tottori,3095
Taloyoak,3095
Rairua,3095
Valdez,3095
Puerto Ayacucho,3095
Xingyi,3095
Karluk,3095
Cap Skirring,3095
Gyandzha,3095
Astana,3095
Essaouira,3095
Hailar,3095
Latrobe,3095
Chibougamau,3095
Port Lions,3095
Solo City,3095
Manta,3095
Holy Cross,3095
Kupang,3095
Olbia,3095
Sao Felix Do Xingu,3095
Tarija,3095
Hemavan,3095
Rurrenabaque,3095
Ulgit,3095
Saginaw,3095
Lubbock,3095
Pendleton,3095
Mansa,3095
Anapa,3095
Tirana,3095
Sibu,3095
Sachigo Lake,3095
Kake,3095
Amook,3095
Toledo,3095
Hot Springs,3095
Evansville,3095
Montego Bay,3095
El Yopal,3095
Jolo,3095
Napakiak,3095
Lexington,3095
Riyadh,3095
Tozeur,3095
Lamezia-terme,3095
Thira,3095
Sialkot,3095
Kano,3095
Excursion Inlet,3095
Kudat,3095
Taichung,3095
Sao Nicolau,3095
Big Trout,3095
Gemena,3095
Tupelo,3095
Ouagadougou,3095
Trollhattan,3095
Bozeman,3095
Resolute,3095
Sachs Harbour,3095
Craig,3095
Berne,3095
Longana,3095
Tampa,3095
Dresden,3095
Mfuwe,3095
Port Blair,3095
Kwajalein,3095
Dipolog,3095
Recife,3095
Monte Carlo,3095
Ayers Rock,3095
Paderborn,3095
Long Seridan,3095
Kerman,3095
Nha Trang,3095
Arctic Village,3095
Redencao,3095
Ostrava,3095
Jinjiang,3095
Ganzhou,3095
Ogdensburg,3095
Playon Chico,3095
Los Angeles,3095
Savusavu,3095
White Mountain,3095
Antalya,3095
Kununurra,3095
Wales,3095
Point Baker,3095
Cincinnati,3095
Akiak,3095
Pointe-a-Pitre,3095
Varna,3095
Kars,3095
Caldas Novas,3095
Bandar Lampung,3095
Uberlandia,3095
Sibiu,3095
Karlovy Vary,3095
Kobuk,3095
Kirovsk,3095
Anahim Lake,3095
Lakselv,3095
Rovaniemi,3095
Orenburg,3095
Puerto Carreno,3095
Newark,3095
Mildura,3095
Scottsbluff,3095
Aniwa,3095
Faisalabad,3095
Waterfall,3095
Wuxi,3095
Hilo,3095
Mont Joli,3095
Ponce,3095
Ellisras,3095
Washington,3095
Prudhoe Bay/Deadhorse,3095
Kotzebue,3095
Kaohsiung,3095
Bayankhongor,3095
Dallas,3095
Thandwe,3095
Havana,3095
Alakanuk,3095
Huslia,3095
Westsound,2
Chiclayo,3095
Rosario,3095
Birmingham,3095
Ziguinchor,3095
Gunnison,3095
Nizhnevartovsk,3095
Luxi,3095
Kandavu,3095
Fort Chipewyan,3095
Victoria Falls,3095
Kaunas,3095
Waterloo,3095
Dothan,3095
Brisbane,3095
Maraba,3095
Sevastopol,3095
Chesterfield Inlet,3095
Ludhiana,3095
Satu Mare,3095
Chattanooga,3095
Tambor,3095
Tambov,3095
Kolkata,3095
Hurghada,3095
Petropavlovsk-Kamchats,3095
Culebra,3095
Eindhoven,3095
Harrison,3095
Townsville,3095
Indianapolis,3095
Mwanza,3095
Grand Island,3095
Plattsburgh,3095
Beira,3095
Puerto Leguizamo,3095
Christmas Island,3095
Stokmarknes,3095
Johnson City,3095
Murcia,3095
Aracaju,3095
Cascavel,3095
Kalamata,3095
Roros,3095
Marion,3095
Silchar,3095
Tufi,3095
Jujuy,3095
Atqasuk,3095
Yaroslavl,3095
Kurgan,3095
Camiguin,3095
Saumlaki,3095
Umtata,3095
Helena,3095
Gara Djebilet,3095
Ardabil,3095
Mysore,3095
Pangnirtung,3095
Vaasa,3095
Abu Dhabi,3095
Kashi,3095
Berau,3095
Khasab,3095
Lake Minchumina,3095
Bermuda,3095
Qaanaaq,3095
North Ronaldsay,3095
Santa Rosa,3095
Dongsheng,3095
Cloncurry,3095
Funafuti Atol,3095
Broken Hill,3095
Thief River Falls,3095
Quito,3095
Dinard,3095
Tyumen,3095
Seoul,3095
Ouvea,3095
Cherepovets,3095
Luwuk,3095
Hokitika,3095
Coffman Cove,3095
Lianyungang,3095
Homer,3095
Fez,3095
Verona,3095
Barbelos,3095
Golfito,3095
Maupiti,3095
Albuquerque,3095
Kauehi,3095
Pleiku,3095
Rostock-laage,3095
Bora Bora,3095
Qikiqtarjuaq,3095
Memphis,3095
Trondheim,3095
Hall Beach,3095
Ipiales,3095
Kaltag,3095
Angling Lake,3095
Punta Arenas,3095
Medellin,3095
Biarritz,3095
Friday Harbor SPB,3095
Badajoz,3095
Stockholm,3095
Palm Springs,3095
Fort De France,3095
Spring Point,3095
Yellowknife,3095
Kiana,3095
Kirov,3095
Sierra Leone,3095
Urgench,3095
An Shun,3095
Simanggang,3095
Dushanbe,3095
Hilton Head,3095
Hail,3095
Bloomington-Normal,3095
Aitutaki,3095
Lago Agrio,3095
Boa Vista,3095
Natuna Ranai,3095
Saga,3095
Lamacarena,3095
Minot,3095
Lamap,3095
Hahn,3095
Hay River,3095
Levelock,3095
Charleston,3095
Guayaquil,3095
Karlsruhe/Baden Baden,3095
Hermosillo,3095
Iqaluit,3095
Dalat,3095
Loreto,3095
Kalskag,3095
Los Mochis,3095
Guangzhou,3095
Campbell River,3095
Tabatinga,3095
Tours,3095
Tubuai,3095
Jalapa,3095
Muenster,3095
Klemtu,3095
Cagayan De Oro,3095
Ixtapa/Zihuatanejo,3095
Ouargla,3095
Little Rock,3095
Jinju,3095
Tachilek,3095
Le Havre,3095
Kiruna,3095
Valesdir,3095
Cordoba,3095
Kivalina,3095
Marsa Alam,3095
Akureyri,3095
Song Pan,3095
Hami,3095
Changchun,3095
Belize City,3095
Elcho Island,3095
Legazpi,3095
Changsha,3095
Burbank,3095
Groote Eylandt,3095
Southampton,3095
Lviv,3095
Chisasibi,3095
Zakinthos Is,3095
Sioux Lookout,3095
Milos,3095
Montreal,3095
North Platte,3095
La Rioja,3095
Niue Island,3095
Gibraltar,3095
Marseille,3095
Angelholm/Helsingborg,3095
Sault Ste Marie,3095
Rome,3095
Roma,3095
Inuvik,3095
Biloela,3095
Whale Pass,3095
Haugesund,3095
Bushehr,3095
Hoedspruit,3095
Bahawalpur,3095
Hana,3095
Londonderry,3095
Kodiak,3095
Baghdad,3095
Ternate,3095
Goma,3095
Kazan,3095
Tainan,3095
Endicott,3095
Lismore,3095
Buckland,3095
Granada,3095
Brainerd,3095
Riyan Mukalla,3095
Chapeco,3095
Pakse,3095
Sucre,3095
Makemo,3095
Knock,3095
La Grande,3095
Birch Creek,3095
Lancaster,3095
Kinshasa,3095
St Martin,3095
Tasiujuaq,3095
Jabalpur,3095
Sanday,3095
Proserpine,3095
Cairo,3095
Haarlemmermeer,3095
Tamanrasset,3095
Dominica,3095
Crooked Creek,3095
Hyannis,3095
Mammoth Lakes,3095
Wajima,3095
Karaganda,3095
Ivalo,3095
Sary,3095
Haiphong,3095
Livingstone,3095
Lincoln,3095
Leon,3095
Limbang,3095
Rio Gallegos,3095
Georgetown,3095
Puerto Escondido,3095
Dibrugarh,3095
Coral Harbour,3095
Navegantes,3095
Mountain Village,3095
Benghazi,3095
Hotan,3095
Sheridan,3095
Newtok,3095
Gainesville,3095
Santiago,3095
Changde,3095
Sarasota,3095
Madrid,3095
Korla,3095
San Pedro Sula,3095
Contadora,3095
Canberra,3095
Sara,3095
Khartoum,3095
Marau Sound,3095
Ornskoldsvik,3095
Natuashish,3095
Tunxi,3095
Tan Tan,3095
Tabriz,3095
Red Devil,3095
Rost,3095
Tarakan,3095
Orebro,3095
Harrisburg,3095
Jyvaskyla,3095
Augusta,3095
Toluca,3095
Bhuj,3095
Kahramanmaras,3095
Hefei,3095
Mobile,3095
Neuquen,3095
El Porvenir,3095
Turbat,3095
Tucuman,3095
Busuanga,3095
Pensacola,3095
Ulaanbaatar,3095
Dickinson,3095
Koror,3095
Visalia,3095
Atiu Island,3095
Savonlinna,3095
Bonito,3095
Yamagata,3095
Palermo,3095
Belfast,3095
Oriximina,3095
Kastamonu,3095
Tepic,3095
Gove,3095
Kish Island,3095
Tiksi,3095
Sogndal,3095
Velikij Ustyug,3095
Bourgas,3095
Ilulissat,3095
Wanxian,3095
Paramaribo,3095
Coari,3095
Kalgoorlie,3095
Mangalore,3095
Rota,3095
Ivujivik,3095
Shonai,3095
Porto Velho,3095
Santa Cruz,3095
Santa Elena,3095
Melangguane,3095
Dangriga,3095
Ponta Delgada,3095
Orkney Island,3095
Bujumbura,3095
Wewak,3095
Punta Cana,3095
Gan Island,3095
Naxos,3095
Jonesboro,3095
Platinum,3095
Valdivia,3095
Salekhard,3095
Minatitlan,3095
Dusseldorf,3095
Kingscote,3095
Patna,3095
Venetie,3095
Fort Lauderdale,3095
Yangon,3095
Bella Bella,3095
Huangyan,3095
Villagarzon,3095
Biskra,3095
Twin Falls,3095
Vantaa,3095
Larsen Bay,3095
Pisa,3095
Maputo,3095
Sunshine Coast,3095
Lewiston,3095
Gondar,3095
Dobo,3095
Naukiti,3095
Chitral,3095
Leipzig/Halle,3095
Rio Hondo,3095
Emmonak,3095
Laredo,3095
Carlsbad,3095
Doomadgee,3095
Raiatea,3095
Paraparaumu,3095
Stella Maris,3095
Norrkoping,3095
Liuzhou,3095
Yining,3095
Madang,3095
Perigueux,3095
Gurupi,3095
Kiunga,3095
Summer Beaver,3095
Point Lay,3095
Klagenfurt,3095
Fort Nelson,3095
Chadron,3095
Niagara Falls,3095
Lamen Bay,3095
St Michael,3095
Des Moines,3095
Pituffik,3095
Usinsk,3095
Guayaramerin,3095
Baltimore,3095
Qingyang,3095
Philadelphia,3095
Arusha,3095
Dumaguete,3095
Dnepropetrovsk,3095
Erie,3095
Edward River,3095
Page,3095
Vieques,3095
Ashgabat,3095
Batumi,3095
Blackpool,3095
Gisborne,3095
Luxembourg,3095
Thiruvananthapuram,3095
Breves,3095
Jersey,3095
Chevak,3095
Thompson,3095
Sarajevo,3095
Dandong,3095
Figari,3095
Mostar,3095
Cabimas,3095
Paamiut,3095
Great Falls,3095
Latacunga,3095
Sendai,3095
Cocos Islands,3095
Merzifon,3095
Valledupar,3095
Doha,3095
Mayaguana,3095
Biak,3095
Sylhet,3095
Xiangfan,3095
Khon Kaen,3095
Phoenix,3095
Westray,3095
Kuusamo,3095
Fayetteville,3095
Bergen,3095
Osh,3095
Isiro,3095
Luena,3095
Dijon,3095
Grand Forks,3095
Gode/Iddidole,3095
San Carlos DeBariloche,3095
Valera,3095
Morristown,3095
Fakarava,3095
Tamale,3095
Birdsville,3095
Cordova,3095
Gethsemani,3095
Yichang,3095
Rahim Yar Khan,3095
San Tome,3095
Kastelorizo,3095
Sihanoukville,3095
Brazzaville,3095
Tiruchirapally,3095
Beef Island,3095
Antwerp,3095
Istanbul,3095
Koyukuk,3095
Goose Bay,3095
Munich,3095
Kunming,3095
Calabar,3095
El Vigia,3095
Bandar Seri Begawan,3095
Griffith,3095
Kaukura Atoll,3095
Mulatupo,3095
Cheyenne,3095
Hachijo Jima,3095
Tefe,3095
Maseru,3095
Sharjah,3095
Pierre,3095
Dole,3095
Charlo,3095
Grand Rapids,3095
Ivano-Frankovsk,3095
Porto Alegre,3095
Taupo,3095
Enshi,3095
Siem Reap,3095
Santiago De Compostela,3095
Dongying,3095
Akutan,4
Kittila,3095
Bettles,3095
Prince Rupert,3095
Dillons Bay,3095
San Angelo,3095
Anta,3095
Pocatello,3095
Batman,3095
Walvis Bay,3095
Leticia,3095
Islamabad,3095
Denpasar Bali,3095
Kajaani,3095
Multan,3095
Uberaba,3095
Clermont-Ferrand,3095
Esperance,3095
Palu,3095
Uralsk,3095
Tenakee Springs,3095
Tikehau Atoll,3095
Brasilia,3095
Shannon,3095
Al Ghaydah,3095
Tuticorin,3095
Kayseri,3095
Saransk,3095
False Pass,3095
Dali City,3095
Trieste,3095
Brussels,3095
Rockhampton,3095
Trabzon,3095
Maewo,3095
Bimini,3095
Cochabamba,3095
Wenatchee,3095
Bulawayo,3095
Petropavlovsk,3095
Dundee,3095
Curacao,3095
Lawton,3095
Hanamaki,3095
Green Bay,3095
Tortuquero,3095
Shenyang,3095
Sabzevar,3095
Maringa,3095
Eldoret,3095
Tabubil,3095
Akita,3095
Kanpur,3095
Clyde River,3095
Fort Smith,3095
Tomsk,3095
Nemiscau,3095
Guiyang,3095
Charlottesville,3095
Tasiilaq,3095
Rajahmundry,3095
Dakar,3095
Eau Claire,3095
Chengdu,3095
Owensboro,3095
Southend,3095
Sharm El Sheikh,3095
Lahaina,3095
Nanchang,3095
Kilgore,3095
Narsarsuaq,3095
Stephenville,3095
St Kitts,3095
Kita Kyushu,3095
Kastoria,3095
Ottawa,3095
Bojnord,3095
Islay,3095
Sisimiut,3095
Bima,3095
Bussellton,3095
Laurel,3095
New Iberia,3095
Rondonopolis,3095
Patos De Minas,3095
Paro,3095
Gillette,3095
Isafjordur,3095
Nakashibetsu,3095
Chania,3095
Powell River,3095
Waskaganish,3095
Shishmaref,3095
Hanover,3095
Baie Comeau,3095
Mekoryuk,3095
Yaounde,3095
Aurillac,3095
Isles Of Scilly,3095
Riverton,3095
Qaqortoq,3095
Dodge City,3095
Goa,3095
Londrina,3095
Angeles City,3095
Krasnojarsk,3095
Bhairawa,3095
Moosonee,3095
Naryan-Mar,3095
Dehra Dun,3095
Manzini,3095
Stebbins,3095
Jodhpur,3095
Avignon,3095
Varanasi,3095
Xieng Khouang,3095
Treasure Cay,3095
Aurangabad,3095
High Point,3095
Iliamna,3095
Pau,3095
Jeddah,3095
Glasgow,3095
Jackson,3095
Surat Thani,3095
Fort Dauphin,3095
Adiyaman,3095
Lubumbashi,3095
Launceston,3095
Norman Wells,3095
Lefkosa,3095
Porto Seguro,3095
Rasht,3095
Kamloops,3095
Puerto Madryn,3095
Perth,3095
Silver City,3095
In Salah,3095
Wu Hai,3095
Visby,3095
Lubango,3095
Itaituba,3095
Dubois,3095
Fort Hope,3095
Yulin,3095
Tallinn,3095
Mexicali,3095
Heihe,3095
Traverse City,3095
Kogalym,3095
Alluitsup Paa,3095
Ghat,3095
Honolulu,3095
Miri,3095
Aktau,3095
Sao Jose Do Rio Preto,3095
Port Au Prince,3095
Puerto Ordaz,3095
Rotuma Island,3095
Tete,3095
Kyzyl,3095
Obihiro,3095
Sambu,3095
Canakkale,3095
San Francisco,3095
Babo,3095
Dayong,3095
Pavones,3095
Namsos,3095
Lands End,3095
Moruya,3095
Fukue,3095
Belem,3095
Jinzhou,3095
Redmond,3095
Linkoping,3095
Palmas,3095
Upernavik,3095
Socotra,3095
Palmar,3095
Dalian,3095
Kilimanjaro,3095
George,3095
Flores Island,3095
Villahermosa,3095
Dubuque,3095
Mitu,3095
Thunder Bay,3095
Samara,3095
Liege,3095
North Spirit Lake,3095
Novokuznetsk,3095
Bharatpur,3095
Islip,3095
Okayama,3095
Miyako Jima,3095
Volos,3095
Chokurdah,3095
Rhodes,3095
Flint,3095
Kumejima,3095
Pilot Point,3095
Haines,3095
Governors Harbour,3095
Roatan,3095
Gyoumri,3095
Queretaro,3095
Zachar Bay,3095
Gorgan,3095
Havre,3095
Puebla,3095
Ogle,3095
Busan,3095
Naples,3095
New Orleans,3095
Qui Nhon,3095
Cabinda,3095
Samos,3095
Paphos,3095
Nakhichevan,3095
Lawas,3095
Pullman,3095
Palma Mallorca,3095
Gustavus,3095
Hollis,3095
Zaisan,3095
Calbayog,3095
Belmopan,3095
Accra,3095
Friday Harbor,3095
Kulusuk,3095
Aomori,3095
Richards Bay,3095
Reynosa,3095
Tobruk,3095
Joao Pessoa,3095
Zhanjiang,3095
Hohhot,3095
Gheshm,3095
Pueblo,3095
Marsh Harbour,3095
Sevilla,3095
Parsabad,3095
Sapporo,3095
Eastsound,3095
Nizhniy Novgorod,3095
Guanambi,3095
Madison,3095
Leros,3095
Houeisay,3095
Maroua,3095
Herat,3095
Port Vila,3095
Modesto,3095
Barinas,3095
Fernando De Noronha,3095
Imperatriz,3095
Sonderborg,3095
Deline,3095
Weifang,3095
Westport,3095
Hayden,3095
Pilot Station,3095
Saskatoon,3095
Grand Canyon,3095
Santa Barbara,3095
Diqing,3095
Ioannina,3095
Cairns,3095
Lake Charles,3095
Al-Fujairah,3095
Tuzla,3095
Tuktoyaktuk,3095
Kuwait City,3095
Yuma,3095
Maio,3095
New Bedford,3095
Houston,3095
Turin,3095
Franklin,3095
Dzaoudzi,3095
Goodnews Bay,3095
Sakaka Al Jouf,3095
Male,3095
Beihai,3095
Togiak Village,3095
Manus Island,3095
Tianjin,3095
Tucurui,3095
Heringsdorf,3095
Lahad Datu,3095
Karpathos,3095
Fargo,3095
Misima Island,3095
Manistee,3095
Cuiaba,3095
Chisinau,3095
Paraburdoo,3095
Goroka,3095
Clarksburg,3095
Merimbula,3095
Brno,3095
Venice,3095
Budapest,3095
Masset,3095
Zhoushan,3095
Manhattan,3095
Holman,3095
Loja,3095
Palembang,3095
Lijiang City,3095
Longyan,3095
Porbandar,3095
Peshawar,3095
Yap,3095
Geneva,3095
Baubau,3095
Cruzeiro Do Sul,3095
Fuoshan,3095
Santa Clara,3095
Pelican,3095
Coimbatore,3095
Vladikavkaz,3095
Valladolid,3095
Ballina,3095
Lome,3095
San Luis Obispo,3095
Mariehamn,3095
Tbilisi,3095
Koumac,3095
Williams Lake,3095
Wanganui,3095
Dammam,3095
La Tabatiere,3095
Bonaire,3095
Presque Isle,3095
Jamnagar,3095
Detroit,3095
Kapuskasing,3095
Thessaloniki,3095
Matamoros,3095
Curitiba,3095
Weipa,3095
Nuuk,3095
Abu Simbel,3095
Bethel,3095
Kugluktuk/Coppermine,3095
Dera Ismail Khan,3095
Stevens Village,3095
Nulato,3095
Cuenca,3095
Anqing,3095
Huanuco,3095
Araguaina,3095
Hoonah,3095
Mare,3095
Rimini,3095
Pond Inlet,3095
Bari,3095
Chevery,3095
Amarillo,3095
Labasa,3095
Nyaung-u,3095
Pyongyang,3095
Orsta-Volda,3095
Monroe,3095
Catania,3095
Kahului,3095
Misurata,3095
Cauayan,3095
Chalkyitsik,3095
Sanandaj,3095
Samcheok,3095
Svay Rieng,3095
Bata,3095
Gdansk,3095
Las Vegas,3095
Oudomxay,3095
Ozarowice,3095
Keewaywin,3095
Addis Ababa,3095
Hanoi,3095
Barrow,3095
Caxias Do Sul,3095
Altenrhein,3095
New Haven,3095
Cayo Largo Del Sur,3095
Peawanuck,3095
Yangyang,3095
Aguadilla,3095
Vancouver,3095
Gjoa Haven,3095
Armidale,3095
Elba Island,3095
Limoges,3095
Charleville,3095
Brindisi,3095
Thargomindah,3095
Kasama,3095
Deering,3095
San Cristobal,3095
Varadero,3095
Williamsburg,3095
Santa Cruz Is,3095
Sanaa,3095
Murmansk,3095
Kokkola/Pietarsaari,3095
Puerto Maldonado,3095
Maun,3095
Batsfjord,3095
Smithers,3095
Wunnummin Lake,3095
Kangiqsualujjuaq,3095
Canaima,3095
Agen,3095
Kasane,3095
Long Akah,3095
Joinville,3095
Mukah,3095
Laoag,3095
Aasiaat,3095
Bellona,3095
Durham Tees Valley,3095
Kerikeri,3095
Uraj,3095
Monte Alegre,3095
Wichita Falls,3095
Mission,3095
Ile Des Pins,3095
Balikpapan,3095
Maastricht,3095
Fak Fak,3095
Skelleftea,3095
Porlamar,3095
Golmud,3095
Assiut,3095
Conakry,3095
Tel Aviv Yafo,3095
Vilnius,3095
Arona,3095
Campeche,3095
Los Alamos,3095
Rio Grande,3095
Osorno,3095
Gachsaran,3095
Whitehorse,3095
Windsor,3095
Billund,3095
Dortmund,3095
Turku,3095
Zadar,3095
Decatur,3095
Marrakech,3095
Nampula,3095
Atlanta,3095
Wuhan,3095
Graciosa Island,3095
Moree,3095
Aarhus,3095
Simao,3095
Wuyishan,3095
Zunyi,3095
Rainbow Lake,3095
Tijuana,3095
Igiugig,3095
Carajas,3095
Oruro,3095
Bydgoszcz,3095
Asahikawa,3095
Penang,3095
Dalanzadgad,3095
Ronneby,3095
Larnaca,3095
Tuy Hoa,3095
Salalah,3095
Belgorod,3095
Cuneo,3095
Narsaq,3095
Kauai Island,3095
Cody/Yellowstone,3095
Quesnel,3095
Saipan,3095
Dryden,3095
Windorah,3095
Hyderabad,3095
Piura,3095
Wagga Wagga,3095
Mikonos,3095
Zabol,3095
Tanna,3095
Norfolk,3095
Prishtina,3095
Minto,3095
Phnom Penh,3095
Quincy,3095
Lille,3095
Glendive,3095
Cebu,3095
Ji-Parana,3095
Arutua,3095
Sandy Lake,3095
Gloucester,3095
Mara Lodges,3095
Minsk,3095
Liberal,3095
La Paz,3095
Managua,3095
Monastir,3095
Nouadhibou,3095
Holguin,3095
Atmautluak,3095
Santander,3095
Bathurst,3095
Mendoza,3095
Ouarzazate,3095
Antananarivo,3095
Berbera,3095
Santa Cruz De La Palma,3095
Halmstad,3095
Virac,3095
Oakland,3095
Montrose,3095
Ghadames,3095
Khovd,3095
Karratha,3095
Calama,3095
Jacksonville,3095
Vardoe,3095
WonJu,3095
Le Puy,3095
Huahine,3095
Placencia,3095
Baton Rouge,3095
Tivat,3095
Vorkuta,3095
Prague,3095
Novy Urengoy,3095
Castres,3095
Okinawa,3095
Araracuara,3095
Ilorin,3095
Entebbe,3095
Rzeszow,3095
Lucknow,3095
Akulivik,3095
St Pierre,3095
Devonport,3095
Ekaterinburg,3095
Taipei,3095
Naberevnye Chelny,3095
Deer Lake,3095
La Ceiba,3095
Povungnituk,3095
Gudja,3095
Dar Es Salaam,3095
Hue,3095
White River,3095
Nouakchott,3095
Agri,3095
Roervik,3095
Puerto Cabello,3095
Agra,3095
Odate Noshiro,3095
Napier-Hastings,3095
Kochi,3095
Saint John,3095
Hammerfest,3095
Kabul,3095
Tapachula,3095
Blanc Sablon,3095
Hamilton Island,3095
Espiritu Santo,3095
Lycksele,3095
Genoa,3095
Cape Lisburne,3095
Fuzhou,3095
Matsuyama,3095
Shantou,3095
Victoria,3095
Long Lellang,3095
Tampere,3095
Ouzinkie,3095
Bratsk,3095
Palmerston North,3095
Beijing,3095
Axum,3095
Jazan,3095
Ranchi,3095
Benbecula,3095
Kuqa,3095
Tin City,3095
Blackall,3095
Maldonado,3095
Antalaha,3095
Gabes,3095
Preveza/Lefkas,3095
Ibiza,3095
Johor Bahru,3095
Barreiras,3095
Srinagar,3095
Djanet,3095
Corazon De Jesus,3095
Riga,3095
Monteria,3095
Brive-La-Gaillarde,3095
Buenos Aires,3095
Djerba,3095
Vinh City,3095
San Antonio,3095
Makhachkala,3095
La Fria,3095
Moranbah,3095
Phitsanulok,3095
Nantucket,3095
Mount Gambier,3095
Nukus,3095
Cardiff,3095
Tromso,3095
Zhob,3095
Tyler,3095
Bobo Dioulasso,3095
Petersburg,3095
St George,3095
Alicante,3095
Birjand,3095
Mcarthur River,3095
Skien,3095
Guantanamo,3095
Pittsburgh,3095
Vanimo,3095
Tarawa,3095
Acapulco,3095
Parnaiba,3095
Lewisburg,3095
Alamosa,3095
Bogota,3095
El Fasher,3095
Debrecen,3095
Guatemala City,3095
Tongren,3095
David,3095
Apia,3095
South Caicos,3095
Dhaka,3095
Daegu,3095
Elista,3095
Bhopal,3095
Nanning,3095
Tacloban,3095
Ancona,3095
Cheboksary,3095
Krasnodar,3095
Kandahar,3095
San Juan,3095
Toowoomba,3095
Belleville,3095
Kumasi,3095
St George Island,3095
Kuopio,3095
Lannion,3095
Tawau,3095
Tiaret,3095
Hiroshima,3095
Kaduna,3095
Monterey,3095
Khorramabad,3095
Kutaisi,3095
Rockland,3095
Tashkent,3095
Lampedusa,3095
Bronnoysund,3095
Salta,3095
Iloilo,3095
Schefferville,3095
Scammon Bay,3095
Matsumoto,3095
Donetsk,3095
Mota Lava,3095
Kisangani,3095
Irkutsk,3095
Raleigh/Durham,3095
Vernal,3095
Buraidah,3095
Bastia,3095
Margate,3095
Manzhouli,3095
Dickwella,3095
Qingdao,3095
Hamburg,3095
Amritsar,3095
Jaque,3095
Yakutsk,3095
Laayoune,3095
Sitka,3095
Santo Angelo,3095
Bugulma,3095
Kavala,3095
Poza Rica,3095
Winton,3095
Mogadishu,3095
Kalmar,3095
Dunedin,3095
Gander,3095
Douala,3095
Guernsey,3095
Springfield,3095
Luxor,3095
St Augustine,3095
Sunyani,3095
Bedourie,3095
Lanzarote,3095
Davao,3095
Wuzhou,3095
Myeik,3095
Nevis,3095
Rankin Inlet,3095
Sitia,3095
Tlemcen,3095
Julia Creek,3095
Toksook Bay,3095
Guadalajara,3095
Provo,3095
Changzhi,3095
Kingman,3095
Grayling,3095
Graz,3095
Kuching,3095
Touggourt,3095
Bhuntar,3095
Ribeirao Preto,3095
Adler/Sochi,3095
Enugu,3095
Richmond,3095
Sorong,3095
Singapore,3095
Phalaborwa,3095
Cluj-Napoca,3095
Conceicao Do Araguaia,3095
Reykjavik,3095
Jining,3095
Cobija,3095
Montes Claros,3095
Bordj Badji Mokhtar,3095
Tumling Tar,3095
Mineralnye Vody,3095
Forde,3095
Luzhou,3095
Cambridge Bay,3095
Geneina,3095
Fletcher,3095
Guarapuava,3095
Grafton,3095
Kuujjuarapik,3095
Juazeiro Do Norte,3095
Lhasa,3095
Orange,3095
St Anthony,3095
Szczecin,3095
Repulse Bay,3095
Kathmandu,3095
Missoula,3095
Elat,3095
Ubon Ratchathani,3095
Comiso,3095
Tobago,3095
Katiu,3095
Memanbetsu,3095
Medford,3095
Batticaloa,3095
Ningbo,3095
Boise,3095
Monte Dourado,3095
Catarman,3095
Temuco,3095
Eirunepe,3095
Erzincan,3095
Saltillo,3095
Duluth,3095
Uummannaq,3095
Fort Yukon,3095
Manokwari,3095
Jinghong,3095
Rajshahi,3095
High Level,3095
Malatya,3095
Mudanjiang,3095
Macmahon Camp 4,3095
Jiayuguan,3095
Iki,3095
Ondangwa,3095
San Rafael,3095
Bardufoss,3095
Liberia,3095
Aalborg,3095
Joensuu,3095
North Bay,3095
Merida,3095
Cartagena,3095
Nanking/nanjing,3095
Comodoro Rivadavia,3095
Joplin,3095
Gizo,3095
Gold Coast,3095
El Paso,3095
Amboseli,3095
General Santos,3095
Popondetta,3095
Pescara,3095
Stuttgart,3095
Huntington,3095
Nikolski,4
Auckland,3095
Nanyang,3095
Fort Myers,3095
Manley Hot Springs,3095
Rabat,3095
Lazaro Cardenas,3095
Salamanca,3095
Rio Branco,3095
Friedrichshafen,3095
Alghero,3095
Ljubljana,3095
Tete-a-La Baleine,3095
Almeria,3095
Valencia,3095
Tulcan,3095

