Pangkalanbuun,6
Udaipur,2
Elim,3
Kosrae,2
Indore,7
San Jose,58
Can Tho,3
Kitoi Bay,2
Ishigaki,7
Chico,1
Kharkov,9
International Falls,2
Belo Horizonte,11
Ketapang,2
Denizli,1
Mashad,40
Ilaam,1
Lanai City,3
Gorontalo,2
Nashville,41
Qaisumah,2
Banmethuot,4
Inukjuak,4
Tatalina,2
Chester,2
Pelotas,2
Nassau,38
Waingapu,1
Sandspit,1
Deauville,1
Kananga,3
Elko,1
Jayapura,8
Longreach,4
Mulhouse/Basel,61
Sinop,4
Nanortalik,3
Cajamarca,1
Independence,4
Lyon,75
Saint Cloud,1
Aizawl,3
Changzhou,17
Salina,1
Fukuoka,32
Burketown,2
Yakutat,2
Al-Baha,3
Campina Grande,2
Suva,11
Edremit/Korfez,1
Bakersfield,5
Santa Maria,7
Tambolaka,2
Armenia,2
Fort Good Hope,2
Monbetsu,1
Apartado,2
Mbandaka,3
Rabaul,8
Port Augusta,1
Stony River,2
Wilmington,11
Maturin,2
Barcelona,149
Indaselassie,1
Lourdes/Tarbes,5
Ramata,3
Kota Bharu,6
Basco,1
Saurimo,2
Antsiranana,5
Ravensthorpe,2
Puerto Princesa,5
La Coruna,6
King Island,2
Kwethluk,2
Dili,3
Gilgit,1
Manila,74
Kuala Lumpur,109
Parintins,1
Mendi,1
Achutupo,2
Sandane,2
Iquitos,4
New York,177
Ciudad Del Carmen,2
Nagoya,43
Tampico,5
Brandon,1
Comox,4
Bonaventure,5
Juneau,16
South Bend,8
Niigata,9
Ahe,3
Moline,9
Roche Harbor,1
Kuujjuaq,10
Casablanca,90
Hangzhou,70
George Town,6
Kamuela,1
Belgaum,1
St Etienne,4
Learmonth,1
Laramie,1
Eday,2
Veracruz,9
Pontianak,3
Teller,2
Gaua,3
Mount Isa,9
Bandar Abbas,12
Panjgur,1
Williston,2
Sambava,3
Governador Valadares,1
Mosul,2
Samarkand,6
Calvi,9
Mananara,1
Baotou,15
Chah-Bahar,6
Ipoh,1
Klamath Falls,2
Merauke,1
Fukushima,2
Malindi,2
Asturias,10
Wichita,9
Harare,14
Oran,23
Denver,163
Kalemie,1
Fairbanks,24
Mpacha,2
Bandung,9
Lonorore,3
Kaliningrad,9
Vitoria Da Conquista,3
Yeosu,1
Stavropol,2
Gaziantep,4
Jessore,1
Volgograd,9
Bridgetown,18
Dalaman,25
Honiara,20
College Station,2
Lockhart River,3
Juzhou,3
Iwami,1
Grande Prairie,2
Cicia,1
Metlakatla,1
Namibe,1
Liping City,2
Lalibela,4
Luderitz,2
Imphal,5
Augsburg,1
Vishakhapatnam,9
Barcaldine,2
Adak Island,1
Huron,1
Erfurt,6
Geraldton,1
Caracas,47
Tuguegarao,1
Chelyabinsk,13
Farmington,3
Ontario,15
Oradea,1
Oita,4
Mcgrath,5
South West Bay,2
Lilongwe,7
Coca,2
Savoonga,2
Kongolo,2
Sainte Marie,3
Bahia Solano,1
Borlange/Falun,2
Manado,10
Labuan,3
Abakan,2
Luoyang,9
Semipalatinsk,3
Quinhagak,3
Providencia,1
Bhavnagar,1
Astypalaia Island,2
Appleton,6
Bradford,2
Datong,6
Gorakhpur,1
Flin Flon,3
Massawa,1
Kalamazoo,4
Kramfors,2
Beirut,40
Selawik,1
Kokshetau,2
Dawadmi,2
Craig Cove,4
Coen,3
Horn Island,1
Williamsport,1
Hakodate,5
Florencia,1
Pamplona,1
Skiathos,1
Perryville,2
Butuan,2
Taree,2
San Luis,2
Tsushima,2
Roswell,1
Ambon,9
Barquisimeto,3
Port Harcourt,2
Milingimbi,1
Kavieng,3
Sydney,85
Zhi Jiang,2
Sveg,2
Christchurch,21
San Andres Island,8
Alderney,2
North Bend,2
Ramsar,2
Tanana,4
Yun Cheng,18
Galena,6
Seiyun,4
Champaign,2
Nuremberg,29
Changuinola,2
Sioux Falls,8
Potosi,1
Macapa,1
Pago Pago,1
Ibadan,1
Harstad-Narvik,7
Unalakleet,6
St Croix Island,5
Toulon,3
Pula,13
Pagadian,2
Red Lake,9
Kumamoto,5
Topeka,1
Cape Town,22
Riberalta,1
Alahsa,3
Agatti Island,1
Phu Quoc,3
Chifeng,9
Odessa,9
Kaitaia,1
Karlstad,2
Shimkent,7
Sukhothai,1
Bristol,71
Sao Vicente,6
Bella Coola,2
Nanaimo,2
Barnaul,1
Ilheus,4
Surat,2
Bratislava,17
Barra,1
Garachine,2
Zaragoza,8
Pune,13
Vanuabalavu,1
Ukhta,4
Bahia Blanca,3
Martinsburg,2
Fortuna,2
Heho,4
Bukavu,3
Wamena,1
Emae,1
Antigua,22
Omaha,19
Patras,3
Kzyl-Orda,4
Manama,38
Whangarei,2
Sandakan,4
Tumaco,1
Resistencia,1
Chetumal,1
Polokwane,1
Xuzhou,18
Norwich,8
Lansdowne House,2
Nador,11
Ji An,7
Ulanhot,3
Pietermaritzburg,1
Miami,129
Barrancabermeja,1
Hervey Bay,2
Rennes,9
Kosice,4
Balsas,1
Khanty-Mansiysk,8
Wick,2
Nightmute,3
Sege,5
Ankara,37
Trelew,6
Cayenne,4
Kocaeli,1
Yola,1
Mar Del Plata,2
Charlottetown,3
Port Sudan,4
Kindu,2
Keng Tung,2
Kwigillingok,3
Nome,16
Losuia,1
Savannah,12
Nosara Beach,2
Montgomery,3
Seal Bay,2
Athens,97
Cape Dorset,2
Savannakhet,3
Edna Bay,3
Garoua,3
Hasvik,2
Al Ain,2
Surigao,2
Corning,5
Upington,2
Gwadar,3
Bagotville,4
Butte,1
Virgin Gorda,2
Arkhangelsk,6
Kotlik,3
Las Palmas,73
San Jose Del Gua,1
La Chorrera,2
Sao Tome Is,3
Maroantsetra,4
Isfahan,14
Arica,4
Salluit,2
Lutselke/Snowdrift,1
Asmara,9
Tamarindo,2
Mirnyj,6
Anvik,2
Halifax,31
Las Piedras,3
Porto,54
Madeira,30
Alexandroupolis,2
Quetta,8
Colorado Springs,11
Jonkoping,2
Daru,3
Harbin,51
Zaporozhye,2
Svolvaer,3
Blagoveschensk,5
Kithira,4
Bario,2
Maningrida,3
Noatak,2
Newquay,5
Pemba,6
Kigali,17
Toulouse,44
Manaus,16
Lansing,6
Namangan,9
Jos,1
Bournemouth,17
Shageluk,2
Round Lake,3
Miyazaki,7
Nadym,5
Orsk,1
Sal,16
Tongoa,1
Santa Terezinha,1
Putao,1
Joacaba,3
Pardubice,2
Khabarovsk,20
Beziers,8
Cleveland,52
Sandnessjoen,5
Chennai/Madras,38
Queenstown,6
Lima,57
Erechim,3
Alliance,2
Magadan,4
Nantes,54
Cork,28
Chiang Mai,24
Sept-Iles,10
Coro,1
Rangiroa,6
Meridian,1
Bam,1
Catamarca,1
Kisumu,2
Jauja,1
Krakow,48
Manchester,148
Milwaukee,30
Altamira,3
Dawe,2
Linz,8
Burnie,3
Aktyubinsk,4
Trujillo,1
Bangor,6
Kostanay,3
Sert,2
Syracuse,15
Abingdon,2
Gunsan AB,1
Anaktuvuk,3
Papa Westray,3
Albany,20
Providence,18
Parkes,2
Rodez,4
Arad,1
Sivas,2
Terrace,3
Fresno,11
Timmins,5
Blenheim,3
Misawa,2
Cherskiy,1
St Vincent,5
Bucaramanga,3
Bismarck,4
Yonago,5
Humberside,4
Gerona,47
Saidpur,2
Kuala Terengganu,3
Mumbai,84
Vilhena,1
Morondava,2
Mandalay,7
Rio De Janeiro,51
Dawson Creek,2
Semera,2
Arar,2
Port Moresby,35
Muskrat Dam,4
Bhadrapur,1
Baia Mare,1
Bechar,1
Kitchener/Waterloo,2
Coober Pedy,1
Nepalganj,1
Cedar City,1
Surabaya,23
Dourados,2
Tulear,3
Ust-Kut,1
Santiago Del Estero,1
Rock Sound,1
Xiamen,66
Osaka,65
Puerto Montt,5
Port Elizabeth,4
Con Dao,2
Atlantic City,9
Mazar-I-Sharif,3
Kota Kinabalu,29
Waterford,2
Gwalior,1
Rundu,2
Salisbury-Ocean City,2
Khajuraho,2
Pikangikum,6
Natal,8
Alexandria,24
Utila,1
Arviat,2
El Oued,1
Bossaso,2
Marquette,2
Sao Felix Do Araguaia,2
Longyearbyen,2
Sheldon Point,2
Ittoqqortoormiit,1
Nevsehir,1
Point Hope,4
Columbia,10
Bom Jesus Da Lapa,2
Wakkanai,2
Shirahama,1
Tarapaca,1
Arequipa,5
Moron,1
Mannheim,1
Kirakira,3
Bangui,4
Pohnpei,3
Sofia,34
Valparaiso,5
Lynchburg,1
Asuncion,9
Kinmen,4
Khudzhand,19
Pavlodar,3
Vadodara,2
Minneapolis,127
Riohacha,1
Kemerovo,1
Bacolod,4
Cayo Coco,8
Santo Domingo,31
Kobe,7
Ngaoundere,2
Almaty,40
Tamworth,1
Mombasa,9
Esmeraldas,3
Mechria,1
Broome,8
Kassel,2
Mccook,1
Gallivare,4
Da Nang,20
Antofagasta,6
Waco,1
Nottingham,55
Sudbury,5
Concepcion,4
Poitiers,5
Agadir,20
Buka,4
Lakeba,1
Stronsay,2
Chipata,1
Akhiok,1
Banjarmasin,7
Paducah,1
Lusaka,19
Leknes,3
Linyi,12
Ca Mau,1
Trombetas,1
Ulsan,1
Batam,16
St Maarten,33
San Martin DeLos Andes,1
Bisha,3
Columbus,30
Iles De La Madeleine,2
Ourilandia,3
Inagua,2
Kimmirut/Lake Harbour,1
Kangirsuk,3
Cologne,88
Gulfport,4
Bologna,56
Easter Island,2
Futuna Island,3
St Lucia,16
Adelaide,26
Presidente Prudente,1
Mornington,3
Windhoek,16
Hobart,3
Banja Luka,3
Fort Albany,2
Fera Island,2
Nuiqsut,2
Nuevo Laredo,1
Kemi/Tornio,2
Adana,8
Mulu,4
Porto Santo,1
Port Hardy,2
Hoskins,3
Oklahoma City,19
Allahabad,2
Mascara,2
Port Hedland,6
Napaskiak,2
Healy Lake,1
Tucson,15
Crescent City,2
Santa Ana,23
Zagreb,27
Lihir Island,3
Ogoki,1
Bol,1
Torres,3
Berlin,132
Aalesund,10
Phuket,29
Aguascalientes,7
Ulei,3
Yacuiba,2
Puerto Inirida,2
Edmonton,38
Valdosta,1
Saarbruecken,4
Kau,1
Jerez De La Frontera,16
Umiujaq,3
Kirkenes,6
Sfax,5
Pekanbaru,5
Ciudad Juarez,6
Solwezi,2
Vienna,131
Lamu,2
Edinburgh,82
Ambler,3
Montevideo,11
Gwangju,1
Silver Creek,3
Cayman Brac Is,3
Hodeidah,4
Alice Springs,8
Makale,3
Dimapur,2
East Main,2
Bintulu,5
Tiga,2
Spokane,10
Chita,8
Barisal,1
Kona,11
Hopedale,3
Kone,1
Pickle Lake,2
Kadhdhoo,1
Fort Leonard Wood,1
Anshan,2
Metz/Nancy,5
Thorne Bay,3
Bahia Pinas,2
Havre St Pierre,2
Mosjoen,5
Arauca,1
Mbuji Mayi,2
Plovdiv,2
Muscat,53
Arcata,3
Kaadedhdhoo,2
Port Protection,2
Dutch Harbor,3
Trincomalee,1
Gothenburg,42
Redang,2
Shanghai,166
Muskegon,1
Bhubaneswar,7
Sharurah,2
Saranac Lake,1
Criciuma,2
The Bight,1
Lifou,3
Palenque,1
Sanya,39
Ciudad Obregon,4
Rouyn,2
Pomala,1
Charlotte,129
Arua,1
Vail/Eagle,1
Chios,5
Lagos,42
Padang,2
Tamatave,6
Abilene,1
Santana Do Araguaia,1
Palangkaraya,1
Oslo,108
Liverpool,47
Orange Walk,2
Dulles DC,121
Buenaventura,1
Casper,3
Villavicencio,5
Uruguaiana,1
Ghardaia,4
Ostend,2
Kirksville,1
Watertown,4
Tongliao,8
Rio Verde,1
Mackay,5
Yibin,7
Tuxtla Gutierrez,5
Adrar,6
Juba,8
Mytilene,9
Innsbruck,6
Kingston,18
Shreveport,5
Wolf Point,1
Araxa,2
Winnipeg,22
Zahedan,7
Iron Mountain,2
Olympic Dam,1
Dhangarhi,1
Torsby,2
Luanda,37
Tagbilaran,1
Basra,7
Kasigluk,3
Skopje,21
Bakalalan,1
Bangda,2
Juliaca,3
Kasabonika,2
Florence,25
El Dorado,3
Petrolina,4
Corumba,1
Nejran,3
Bornholm,1
Milan/bergamo,78
Boston,97
Cunnamulla,2
Freetown,10
Ende,2
Vilanculos,3
Montpellier,18
Perm,3
Mehamn,6
Nagpur,8
Kushiro,3
Sangir,1
Worland,1
Erzurum,2
Nyala,1
Zhambyl,4
Praia,15
Mohenjodaro,2
Skagway,2
Killeen,3
Caticlan,2
Klaipeda/Palanga,3
Termez,2
Fort Mcpherson,1
Mauke Island,1
Belep Island,2
Sigiriya,3
Nauru Island,3
Kos,26
Ipatinga,2
Atoifi,1
Kotabaru,2
Iguazu,2
Trat,1
Elazig,3
Maniitsoq,2
Gelendzik,1
Bilbao,33
Sundsvall,3
Nabire,3
Zhengzhou,53
Hat Yai,4
Konya,2
Lorient,2
Timisoara,12
Wapenamanda,1
Komatsu,8
Eugene,8
Fort Simpson,1
Dubrovnik,39
Quilpie,2
Papeete,30
Fergana,6
Kearney,1
Annaba,6
Santa Marta,2
Emerald,1
Tripoli,25
Lodwar,2
Poplar Hill,3
Nikolai,1
LingLing,3
Westerland,7
Malange,2
St. John's,13
Kristiansund,7
Ua Huka,3
Rae Lakes,1
Noorvik,2
Prince George,8
Vadso,8
Teller Mission,3
Morgantown,2
Whyalla,1
Tabuk,7
Teresina,6
Yanbu,8
Banjul,7
Barranquilla,6
Narvik,1
St Petersburg,134
Alpena,2
Seattle,93
Akiachak,2
Port Lincoln,1
Malaga,97
Santa Fe,4
Worcester,2
Faroe Islands,4
Mildenhall,2
Syktyvkar,6
Port Gentil,1
Mamuju,1
Newcastle,51
Ipota,3
Taif,9
Turaif,1
Puerto Lempira,2
Puerto Jimenez,2
Taiz,6
Rotorua,3
Flinders Island,2
Tokushima,1
Ba,7
Staunton,2
Arvidsjaur,1
Rach Gia,1
Langgur,3
Pellston,1
Gurayat,2
Port Menier,2
Aneityum,1
Whale Cove,3
Kalibo,8
Tokyo,136
Menongue,3
Shiraz,26
Koyuk,4
East London,4
Kalispell,5
Sao Gabriel,1
Rapid City,6
Inverness,10
Cagliari,35
Vijayawada,2
Assuncion,12
Voronezh,5
Malmo,12
Guanaja,1
Rhinelander,2
Saint George,2
Sanikiluaq,3
Nagasaki,10
Brest,10
Tame,2
Goulimime,3
Rajkot,1
Kermanshah,3
Madurai,3
Alor Setar,1
Agartala,3
Lokichoggio,1
Bremen,42
Sola,3
Kursk,1
Malabo,9
Beaver,2
Perpignan,5
Hagerstown,2
Wainwright,2
Pico Island,3
Caye Caulker,3
Mangaia Island,1
Abha,11
Rarotonga,9
Labuan Bajo,2
Reggio Calabria,4
Polyarnyj,4
Udon Thani,3
Igloolik,3
Medicine Hat,1
Ndola,8
Pasco,7
Karshi,3
King Cove,1
Cacador,2
Little Cayman,2
Nanyuki,3
Fredericton,4
Stavanger,35
Mount Hagen,9
Port Macquarie,3
Xichang,3
Kingfisher Lake,2
Cheongju,4
Praslin Island,1
Shenzhen,80
Campbeltown,1
Kansas City,41
Luang Namtha,1
Wemindji,2
Bar Harbor,1
Cotonou,20
Bangkok,117
Tok,1
Niamey,9
Sukkur,5
Newman,1
Toronto,139
Mtwara,1
Bagdogra,5
Beni,2
Portland,58
Jimma,2
Chalons Sur Marne,2
Hancock,1
Lincang,1
Malang,1
Moscow,242
Formosa,1
Tallahassee,7
La Serena,4
Grise Fiord,1
Lubeck,4
Huambo,3
Surgut,11
Merced,1
Manizales,1
Wadi Ad Dawasir,2
Tshikapa,2
Ujung Pandang,24
Zouerate,3
Grand Turk Is,3
Vientiane,17
Lae,9
Penza,1
Umea,5
Lar,6
Zacatecas,5
Saratov,5
Ozamis City,2
Wha Ti/Lac La Martre,1
Lethbridge,1
Hobbs,1
Rampart,1
Dillingham,2
Tauranga,3
Treviso,36
Billings,11
Truk,1
Kenora,3
Ceduna,1
Novosibirsk,47
Gambier Is,2
Qinhuangdao,4
Kendari,1
Tari,3
Oaxaca,5
Pakuashipi,4
Greenville,19
Raipur,8
Invercargill,2
Dien Bien Phu,1
Iasi,7
Albury,2
St Thomas Island,19
Kuantan,3
Mae Hong Son,1
Delhi,97
Frankfurt,234
Puerto Obaldia,1
Fort Frances,3
San Vicente,2
Ithaca,3
Zhuhai,29
Sirri Island,1
Darwin,20
Krabi,5
Hamilton,7
Rostov,21
Izumo,1
Syros Island,1
Ruby,4
Chaoyang,2
Bissau,5
Masbate,1
Diyarbakir,3
Tasiuasaq,1
Leh,3
Igarka,1
Narrandera,2
Tanjung Pandan,1
Monrovia,7
Zhaotong,2
Vaxjo,5
Honningsvag,3
Prescott,1
Takotna,2
Baoshan,1
Warri,2
Francistown,2
Kamembe,1
New Bern,2
Toyama,6
Normanton,2
Dubbo,2
Fuyang,9
Tembagapura,3
Dalbandin,2
Astrakhan,6
Melilla,4
Knoxville,17
Milan,111
Texarkana,1
Fagernes,1
Chicken,1
Boende,2
Amman,54
Choibalsan,3
Takamatsu,5
Shijiazhuang,32
Dubai,177
Ciudad Victoria,1
Providenciales,21
Guapi,1
Bukhara,4
South Naknek,2
Manzanillo,4
Eskisehir,1
Oksibil,1
Kipnuk,3
Chandigarh,3
Atyrau,7
Solovetsky,1
Saravena,2
Garden City,1
Rurutu,2
Bulolo,1
Roxas City,1
Tununak,3
Ahwaz,13
New Plymouth,3
Norsup,5
Kristianstad,1
Myitkyina,3
Aswan,3
Nossi-be,4
Takapoto,1
Chisholm,1
Egegik,2
Yuzhno-Sakhalinsk,7
Vitoria,5
Ndjamena,12
Kasos Island,2
Punta Gorda,19
Xi An,78
Alotau,4
Soyo,2
Galapagos Is,1
Culiacan,7
Bocas Del Toro,3
Fort Wayne,9
Lord Howe Island,3
Tuntutuliak,2
Roanoke,9
Pantelleria,3
Taiyuan,44
Saba Island,2
Chongqing,79
Chuathbaluk,2
Sao Jorge Island,2
Ostersund,2
Kitale,1
Bemidji,1
Pasto,2
Salt Cay,1
Chihuahua,10
Hargeisa,8
Blantyre,5
Rigolet,2
Anchorage,34
Colima,2
Yantai,22
Tunis,60
Al Hoceima,2
Koggala,2
Oshima,1
Tenerife,82
Kasese,1
San Diego,53
Touho,1
State College,4
Yanji,6
Jinan,40
Ulaangom,1
Wajir,4
Kerteh,1
Brunswick,1
Karachi,36
Cozumel,9
Dezful,1
Gawahati,12
Izhevsk,3
Wausau,3
Donegal,2
Araraquara,1
Hong Kong,127
Algiers,63
Lopez Island,1
Mataiva,2
Uliastai,1
Abuja,23
Sand Point,1
Aracatuba,1
Craiova,2
Kangiqsujuaq,2
Cancun,79
Nice,82
Izmir,41
Ube,2
Leon/Guanajuato,10
Corpus Christi,3
Lappeenranta,3
Allentown,9
Tacna,2
Dharamsala,1
Bunia,3
Fortaleza,16
Perugia,5
Kyaukpyu,1
Bahar Dar,2
Kozhikode,18
Vladivostok,14
San Salvador,35
Ushuaia,3
Kefallinia,6
Meixian,5
Peoria,9
Sorkjosen,3
Akron/Canton,11
Mahe Island,9
Batna,4
Marshall,3
Banda Aceh,2
San Pedro,6
Mo I Rana,5
Westchester County,15
Lahore,34
Bolzano,1
Paulo Afonso,1
Qaarsut,2
Bengkulu,1
Parana,1
Corvo Island,2
Timaru,1
Jeju,31
Gaborone,8
Los Angless,2
Russian Mission,4
Quimper,1
Ufa,15
Ataq,1
Zanzibar,9
Egilsstadir,1
Dire Dawa,3
Lamerd,3
Esbjerg,2
Cap Haitien,2
Killarney/Kerry,5
Menorca,23
Strasbourg,25
Makkovik,3
Nuqui,1
Bordeaux,44
Cranbrook,3
Khoy,1
Stord,3
Tartu,1
Shillong,1
Lloydminster,1
Puerto Plata,14
Tingo Maria,1
Biratnagar,1
Bongouanou,2
Hagfors,2
Kangerlussuaq,8
La Rochelle,8
Daytona Beach,2
Setif,5
Durban,12
Rutland,1
Tirgu Mures,4
Kongiganak,3
Podgorica,12
Webequie,3
St Louis,56
Beaumont,1
Aksu,2
Mbeya,1
Utapao,2
Minacu,2
Cape Girardeau,1
Altay,1
Hualien,4
Samburu,2
Aspen,2
Provincetown,1
Fort Severn,3
La Pedrera,1
Exeter,19
Sioux City,1
Diu,2
Pajala,2
San Ignacio,3
Durango,7
Tuluksak,2
Jijiga,3
Faro,54
Berlevag,5
Johannesburg,82
Chlef,1
Basel Mulhouse Freiburg,11
Majuro,4
Nairobi,75
Kuressaare,1
Wrangell,2
Molde,6
Amami O Shima,2
Poso,1
Janakpur,1
Buffalo,18
Sacramento,27
Saint Paul Island,2
Mount Pleasant,2
Mitiaro Island,1
Long Island,1
Sokoto,1
Jingdezhen,8
St Pierre dela Reunion,1
Pori,3
Ua Pou,3
Groznyj,1
Beida,2
Mazatlan,9
Altai,1
San Sebas De La Gomera,1
Balmaceda,3
Suavanao,3
Rotterdam,28
Youngstown,4
Kristiansand,8
Golovin,3
Cat Lake,2
Kufrah,2
Hanimaadhoo,1
Groningen,8
Wilkes-Barre,6
Aupaluk,3
Sarnia,1
El Golea,2
Atka,1
Nanchong,6
North Eleuthera,4
Tegucigalpa,11
Jambi,1
Bearskin Lake,4
King Salmon,10
Tarapoto,3
Cucuta,3
Johnstown,2
Tiree,1
Copenhagen,114
Kegaska,2
Fort Mcmurray,7
Nantong,10
Aniak,9
Angouleme,1
Cumana,1
Takoradi,1
Fort St John,5
Snare Lake,1
Wallis Island,3
Boulia,2
Bellingham,8
Doncaster,8
Rock Springs,3
Hubli,2
Ahmedabad,17
Alta Floresta,1
Cold Bay,4
Parma,4
Madinah,39
Arba Mintch,2
Koh Samui,9
Port Williams,1
Moab,1
Escanaba,1
Skardu,1
Cotabato,1
Piedras Negras,1
Marudi,6
Yinchuan,28
Bangalore,41
Burlington,10
Libreville,16
Tacheng,1
Port Angeles,1
Kawthaung,1
Takaroa,3
Tetuan,2
Daxian,5
Urumqi,50
Guang Yuan,4
Cabo Frio,3
Anadyr,2
Shungnak,3
Now Shahr,2
Mian Yang,15
Chignik,3
Aberdeen,27
Dublin,132
Salvador,29
Oranjemund,2
Iguassu Falls,5
Kaschechewan,2
Corozal,3
Ayacucho,1
Idaho Falls,3
Plettenberg Bay,2
Sao Jose Dos Campos,2
Gambela,2
Cortez,1
Sleetmute,4
Bodo,15
Hassi Messaoud,5
Sidney,1
Mauritius,25
Tulsa,15
Uzhgorod,1
Norfolk Island,3
West Palm Beach,22
Gambell,2
Caen,4
Churchill Falls,2
Nadi,23
Pohang,1
Huntsville,9
Macau,35
Naga,1
Limnos,4
Macas,1
Nunapitchuk,3
Dayton,16
Ciudad del Este,2
Aqaba,2
Pointe Noire,9
Tehran,37
Kagau,3
Gafsa,3
Pevek,1
Noumea,18
Macae,3
Paris,304
Vilhelmina,2
Hao Island,3
Yancheng,13
Wedjh,1
Nain,2
Langkawi,4
Red Deer,3
Wroclaw,27
Warsaw,72
Isle Of Man,9
Yiwu,14
Mayaguez,1
Wabush,11
Naha,1
Oulu,3
Flores,2
Oujda,7
Midland,5
Bandar Lengeh,2
Walla Walla,1
London,336
Split,36
Lushan,5
Sao Filipe,1
Logrono,1
Louisville,21
Aruba,23
Karamay,1
Teterboro,1
Nimes,4
Jammu,4
Ajaccio,25
Cali,18
Navoi,3
Inhambane,3
Pokhara,1
Florianopolis,9
Windsor Locks,25
Sao Paulo,99
Rum Cay,1
Grand Junction,6
Torreon,6
Iquique,5
Taitung,1
Tulita/Fort Norman,2
Mardin,3
Ketchikan,15
Hughes,4
Marilia,1
Harlingen,5
Postville,3
Kiev,69
Gillam,2
Zonguldak,2
Zurich,131
Kuito,2
Melbourne,58
Paama,2
Pereira,4
The Pas,3
Myrtle Beach,22
Andenes,4
Saint Marys,4
Asosa,2
Lichinga,2
Catumbela,2
San Jose Cabo,22
Rochester,16
Calgary,58
Crooked Island,2
Lanzhou,30
Paros,1
Shaktoolik,3
El Calafate,2
Taveuni,3
Pakuba,1
Yerevan,30
Tirupati,1
Maracaibo,8
Constantine,11
Munda,5
Chittagong,10
Vigo,5
Bishkek,20
Valverde,2
Tumbes,1
Goiania,7
Regina Saskatchewan,9
Panama City,84
Walaha,1
St Eustatius,1
Zamboanga,4
Hoolehua,3
Van,3
La Crosse,2
Pangkalpinang,3
Monterrey,32
Haifa,2
Vinnica,1
Choiseul Bay,2
Gladstone,3
Natashquan,4
Barter Island,2
Macon,2
Leeds,51
Redding,1
Orland,1
Anguilla,4
Abadan,3
Moorea,4
Port Heiden,2
Kundiawa,1
Stornoway,5
Kelowna,11
Tangier,9
Heraklion,57
Haikou,37
Tekirdag,1
Rijeka,8
Rodrigues Is,1
Allakaket,3
Luang Prabang,7
Mora,2
Passo Fundo,3
Nojabrxsk,5
Salt Lake City,88
Puerto del Rosario,47
Moro,3
Constanta,1
Dunhuang,4
Manihi,3
Xining,17
Sittwe,2
Beckley,2
Viedma,2
Quibdo,3
Cuzco,5
Bundaberg,1
Bodrum,18
Chimoio,1
Castlegar,2
Rafha,1
Quelimane,3
Brownsville,2
Central,2
Campos,3
Dera Ghazi Khan,3
Popayan,1
Eek,2
Ukunda,1
Mus,2
Ho Chi Minh City,48
Nelson Lagoon,1
Quaqtaq,2
Majunga,2
Attawapiskat,2
Angoon,2
Long Banga,1
Andahuaylas,1
Kagoshima,9
Ibague,2
Huatulco,2
Lanseria,2
Esquel,4
Andizhan,3
Geelong,1
Poznan,17
Colombo,38
Lulea,5
Tbessa,1
Chicago,203
Maumere,2
Neiva,1
Zhezkazgan,2
Alta,8
Morelia,7
Yakima,1
Horta,5
Long Beach,11
Carcassonne,10
Isparta,1
Belgrade,45
Quebec City,17
In Amenas,2
Wenzhou,29
Kerkyra,33
Massena,1
Jaipur,9
Posadas,1
Reus,14
San Sebastian,2
Bergerac,9
Tamky,2
Lisbon,96
Qiqihar,3
Parkersburg,1
Rennell,2
Salzburg,19
Nelspruit,4
Penticton,1
Nuku Hiva,4
Aden,18
Jiujiang,4
Galcaio,4
Newburgh,5
Dakhla,3
Puerto Asis,3
Old Harbor,1
Floro,6
Ubari,1
Neryungri,4
Maceio,6
Guilin,39
Bamaga,1
Hydaburg,1
Uruapan,2
Benin City,2
Djibouti,13
St Denis de la Reunion,12
Hamadan,1
Xilinhot,2
Orlando,136
Pan Zhi Hua,2
Yasouj,1
Coffs Harbour,2
Lodja,1
Yazd,5
Imperial,2
Copiapo,3
Mexico City,94
Ongiva,6
San Luis Potosi,6
Ust-kamenogorsk,6
Kaimana,3
Puerto Vallarta,21
Trinidad,26
Ikaria Island,3
Elfin Cove,2
Circle,2
Jiamusi,7
Petrozavodsk,1
Jamestown,2
Bandar Mahshahr,2
Chefornak,2
Sheffield,1
Makung,4
Chiang Rai,2
St Barthelemy,7
Arctic Bay,2
Moroni,7
Coldfoot,2
Semarang,8
Santarem,8
Kimberley,2
Cacoal,1
Aurukun Mission,3
Bukoba,1
Whakatane,1
Shetland Islands,5
Cedar Rapids,10
Abidjan,20
Abbotsford,2
Osijek,4
Ovda,1
Lencois,1
Baker Lake,4
Trapani,30
Terceira Island,8
Balikesir,1
Skiros,2
Omsk,12
Kozani,1
Lampang,1
Urmieh,3
Nan,1
Kowanyama,2
Bamako,15
Ulan-ude,9
Bucharest,59
Camaguey,3
Yogyakarta,11
Campo Grande,8
Kenai,1
Gunsan,1
Klawock,2
Grenada,8
Paulatuk,1
Hooper Bay,3
Bejaia,4
Lugano,2
Neerlerit Inaat,2
Karup,1
Wellington,21
Nelson,4
Key West,8
Pucallpa,3
Atuona,4
Tottori,1
Taloyoak,3
Rairua,2
Valdez,1
Puerto Ayacucho,1
Xingyi,5
Karluk,1
Cap Skirring,2
Gyandzha,4
Astana,31
Essaouira,2
Hailar,7
Latrobe,3
Chibougamau,3
Port Lions,2
Solo City,3
Manta,1
Holy Cross,2
Kupang,5
Olbia,31
Sao Felix Do Xingu,1
Tarija,5
Hemavan,1
Rurrenabaque,2
Ulgit,1
Saginaw,4
Lubbock,6
Pendleton,1
Mansa,2
Anapa,2
Tirana,17
Sibu,6
Sachigo Lake,2
Kake,1
Amook,2
Toledo,4
Hot Springs,2
Evansville,4
Montego Bay,28
El Yopal,1
Jolo,1
Napakiak,2
Lexington,13
Riyadh,75
Tozeur,4
Lamezia-terme,20
Thira,10
Sialkot,9
Kano,8
Excursion Inlet,1
Kudat,2
Taichung,23
Sao Nicolau,2
Big Trout,5
Gemena,1
Tupelo,2
Ouagadougou,15
Trollhattan,1
Bozeman,6
Resolute,2
Sachs Harbour,2
Craig,4
Berne,12
Longana,2
Tampa,64
Dresden,17
Mfuwe,1
Port Blair,4
Kwajalein,3
Dipolog,3
Recife,16
Monte Carlo,1
Ayers Rock,3
Paderborn,8
Long Seridan,2
Kerman,4
Nha Trang,4
Arctic Village,1
Redencao,2
Ostrava,3
Jinjiang,17
Ganzhou,10
Ogdensburg,1
Playon Chico,2
Los Angeles,140
Savusavu,3
White Mountain,2
Antalya,58
Kununurra,3
Wales,4
Point Baker,2
Cincinnati,44
Akiak,2
Pointe-a-Pitre,12
Varna,8
Kars,2
Caldas Novas,1
Bandar Lampung,2
Uberlandia,6
Sibiu,3
Karlovy Vary,3
Kobuk,3
Kirovsk,1
Anahim Lake,2
Lakselv,3
Rovaniemi,1
Orenburg,4
Puerto Carreno,2
Newark,144
Mildura,4
Scottsbluff,1
Aniwa,2
Faisalabad,1
Waterfall,1
Wuxi,19
Hilo,3
Mont Joli,6
Ponce,2
Ellisras,1
Washington,85
Prudhoe Bay/Deadhorse,5
Kotzebue,14
Kaohsiung,37
Bayankhongor,2
Dallas,182
Thandwe,2
Havana,32
Alakanuk,2
Huslia,6
Westsound,1
Chiclayo,1
Rosario,4
Birmingham,95
Ziguinchor,2
Gunnison,1
Nizhnevartovsk,8
Luxi,4
Kandavu,2
Fort Chipewyan,2
Victoria Falls,5
Kaunas,16
Waterloo,1
Dothan,1
Brisbane,61
Maraba,8
Sevastopol,2
Chesterfield Inlet,3
Ludhiana,1
Satu Mare,1
Chattanooga,8
Tambor,2
Tambov,1
Kolkata,37
Hurghada,24
Petropavlovsk-Kamchats,3
Culebra,1
Eindhoven,62
Harrison,2
Townsville,10
Indianapolis,32
Mwanza,4
Grand Island,2
Plattsburgh,5
Beira,6
Puerto Leguizamo,1
Christmas Island,4
Stokmarknes,4
Johnson City,4
Murcia,15
Aracaju,6
Cascavel,2
Kalamata,8
Roros,1
Marion,1
Silchar,3
Tufi,2
Jujuy,2
Atqasuk,2
Yaroslavl,1
Kurgan,2
Camiguin,1
Saumlaki,2
Umtata,1
Helena,5
Gara Djebilet,1
Ardabil,2
Mysore,1
Pangnirtung,2
Vaasa,2
Abu Dhabi,89
Kashi,3
Berau,1
Khasab,1
Lake Minchumina,1
Bermuda,8
Qaanaaq,3
North Ronaldsay,4
Santa Rosa,8
Dongsheng,18
Cloncurry,3
Funafuti Atol,1
Broken Hill,4
Thief River Falls,1
Quito,24
Dinard,3
Tyumen,15
Seoul,129
Ouvea,2
Cherepovets,6
Luwuk,1
Hokitika,1
Coffman Cove,3
Lianyungang,12
Homer,1
Fez,15
Verona,23
Barbelos,1
Golfito,2
Maupiti,3
Albuquerque,20
Kauehi,1
Pleiku,3
Rostock-laage,5
Bora Bora,7
Qikiqtarjuaq,1
Memphis,29
Trondheim,30
Hall Beach,2
Ipiales,1
Kaltag,3
Angling Lake,4
Punta Arenas,5
Medellin,25
Biarritz,12
Friday Harbor SPB,2
Badajoz,2
Stockholm,131
Palm Springs,17
Fort De France,10
Spring Point,2
Yellowknife,18
Kiana,2
Kirov,3
Sierra Leone,1
Urgench,7
An Shun,3
Simanggang,1
Dushanbe,30
Hilton Head,2
Hail,5
Bloomington-Normal,7
Aitutaki,2
Lago Agrio,1
Boa Vista,14
Natuna Ranai,1
Saga,3
Lamacarena,1
Minot,3
Lamap,2
Hahn,47
Hay River,3
Levelock,2
Charleston,18
Guayaquil,19
Karlsruhe/Baden Baden,18
Hermosillo,13
Iqaluit,10
Dalat,3
Loreto,1
Kalskag,3
Los Mochis,5
Guangzhou,137
Campbell River,3
Tabatinga,1
Tours,5
Tubuai,3
Jalapa,1
Muenster,11
Klemtu,1
Cagayan De Oro,5
Ixtapa/Zihuatanejo,5
Ouargla,6
Little Rock,14
Jinju,1
Tachilek,4
Le Havre,1
Kiruna,2
Valesdir,1
Cordoba,10
Kivalina,3
Marsa Alam,4
Akureyri,1
Song Pan,5
Hami,6
Changchun,28
Belize City,20
Elcho Island,1
Legazpi,2
Changsha,66
Burbank,12
Groote Eylandt,3
Southampton,23
Lviv,15
Chisasibi,3
Zakinthos Is,12
Sioux Lookout,18
Milos,1
Montreal,89
North Platte,1
La Rioja,1
Niue Island,1
Gibraltar,3
Marseille,79
Angelholm/Helsingborg,1
Sault Ste Marie,4
Rome,173
Roma,2
Inuvik,7
Biloela,1
Whale Pass,2
Haugesund,10
Bushehr,4
Hoedspruit,2
Bahawalpur,4
Hana,1
Londonderry,5
Kodiak,8
Baghdad,13
Ternate,2
Goma,4
Kazan,19
Tainan,1
Endicott,3
Lismore,1
Buckland,2
Granada,5
Brainerd,2
Riyan Mukalla,9
Chapeco,4
Pakse,5
Sucre,4
Makemo,2
Knock,13
La Grande,3
Birch Creek,2
Lancaster,1
Kinshasa,20
St Martin,2
Tasiujuaq,2
Jabalpur,2
Sanday,3
Proserpine,2
Cairo,78
Haarlemmermeer,237
Tamanrasset,5
Dominica,9
Crooked Creek,3
Hyannis,3
Mammoth Lakes,1
Wajima,1
Karaganda,5
Ivalo,2
Sary,4
Haiphong,2
Livingstone,5
Lincoln,3
Leon,1
Limbang,1
Rio Gallegos,6
Georgetown,19
Puerto Escondido,1
Dibrugarh,4
Coral Harbour,4
Navegantes,3
Mountain Village,2
Benghazi,12
Hotan,1
Sheridan,1
Newtok,2
Gainesville,5
Santiago,50
Changde,8
Sarasota,5
Madrid,142
Korla,5
San Pedro Sula,15
Contadora,2
Canberra,6
Sara,1
Khartoum,22
Marau Sound,1
Ornskoldsvik,1
Natuashish,2
Tunxi,18
Tan Tan,2
Tabriz,10
Red Devil,2
Rost,2
Tarakan,4
Orebro,2
Harrisburg,11
Jyvaskyla,2
Augusta,4
Toluca,10
Bhuj,1
Kahramanmaras,2
Hefei,34
Mobile,5
Neuquen,3
El Porvenir,2
Turbat,6
Tucuman,1
Busuanga,2
Pensacola,10
Ulaanbaatar,15
Dickinson,2
Koror,5
Visalia,1
Atiu Island,2
Savonlinna,1
Bonito,1
Yamagata,3
Palermo,36
Belfast,34
Oriximina,3
Kastamonu,1
Tepic,2
Gove,3
Kish Island,9
Tiksi,1
Sogndal,4
Velikij Ustyug,1
Bourgas,10
Ilulissat,5
Wanxian,8
Paramaribo,6
Coari,1
Kalgoorlie,3
Mangalore,10
Rota,1
Ivujivik,2
Shonai,1
Porto Velho,4
Santa Cruz,4
Santa Elena,1
Melangguane,1
Dangriga,4
Ponta Delgada,17
Orkney Island,11
Bujumbura,4
Wewak,4
Punta Cana,49
Gan Island,3
Naxos,1
Jonesboro,1
Platinum,2
Valdivia,3
Salekhard,7
Minatitlan,1
Dusseldorf,154
Kingscote,1
Patna,5
Venetie,2
Fort Lauderdale,90
Yangon,28
Bella Bella,3
Huangyan,7
Villagarzon,1
Biskra,3
Twin Falls,1
Vantaa,84
Larsen Bay,2
Pisa,57
Maputo,15
Sunshine Coast,2
Lewiston,4
Gondar,2
Dobo,1
Naukiti,2
Chitral,2
Leipzig/Halle,28
Rio Hondo,1
Emmonak,3
Laredo,3
Carlsbad,1
Doomadgee,3
Raiatea,5
Paraparaumu,2
Stella Maris,1
Norrkoping,1
Liuzhou,12
Yining,2
Madang,7
Perigueux,2
Gurupi,2
Kiunga,4
Summer Beaver,2
Point Lay,2
Klagenfurt,4
Fort Nelson,3
Chadron,2
Niagara Falls,5
Lamen Bay,2
St Michael,2
Des Moines,16
Pituffik,2
Usinsk,2
Guayaramerin,1
Baltimore,67
Qingyang,3
Philadelphia,119
Arusha,2
Dumaguete,2
Dnepropetrovsk,8
Erie,3
Edward River,2
Page,4
Vieques,2
Ashgabat,10
Batumi,5
Blackpool,9
Gisborne,2
Luxembourg,53
Thiruvananthapuram,17
Breves,1
Jersey,28
Chevak,3
Thompson,5
Sarajevo,12
Dandong,3
Figari,9
Mostar,1
Cabimas,1
Paamiut,2
Great Falls,6
Latacunga,2
Sendai,13
Cocos Islands,1
Merzifon,1
Valledupar,1
Doha,110
Mayaguana,2
Biak,2
Sylhet,4
Xiangfan,8
Khon Kaen,1
Phoenix,87
Westray,2
Kuusamo,1
Fayetteville,16
Bergen,47
Osh,13
Isiro,2
Luena,1
Dijon,1
Grand Forks,4
Gode/Iddidole,1
San Carlos DeBariloche,6
Valera,1
Morristown,1
Fakarava,2
Tamale,1
Birdsville,2
Cordova,2
Gethsemani,5
Yichang,14
Rahim Yar Khan,3
San Tome,1
Kastelorizo,1
Sihanoukville,1
Brazzaville,12
Tiruchirapally,4
Beef Island,5
Antwerp,1
Istanbul,233
Koyukuk,4
Goose Bay,11
Munich,185
Kunming,88
Calabar,2
El Vigia,2
Bandar Seri Begawan,12
Griffith,2
Kaukura Atoll,2
Mulatupo,1
Cheyenne,2
Hachijo Jima,1
Tefe,3
Maseru,1
Sharjah,76
Pierre,3
Dole,3
Charlo,2
Grand Rapids,18
Ivano-Frankovsk,1
Porto Alegre,24
Taupo,2
Enshi,1
Siem Reap,19
Santiago De Compostela,20
Dongying,6
Akutan,1
Kittila,2
Bettles,4
Prince Rupert,1
Dillons Bay,2
San Angelo,1
Anta,1
Pocatello,1
Batman,2
Walvis Bay,3
Leticia,4
Islamabad,38
Denpasar Bali,38
Kajaani,1
Multan,8
Uberaba,2
Clermont-Ferrand,5
Esperance,2
Palu,3
Uralsk,3
Tenakee Springs,2
Tikehau Atoll,3
Brasilia,40
Shannon,22
Al Ghaydah,1
Tuticorin,1
Kayseri,4
Saransk,2
False Pass,1
Dali City,4
Trieste,11
Brussels,182
Rockhampton,3
Trabzon,6
Maewo,1
Bimini,1
Cochabamba,8
Wenatchee,1
Bulawayo,3
Petropavlovsk,2
Dundee,1
Curacao,19
Lawton,1
Hanamaki,4
Green Bay,4
Tortuquero,1
Shenyang,59
Sabzevar,1
Maringa,6
Eldoret,3
Tabubil,3
Akita,5
Kanpur,1
Clyde River,2
Fort Smith,6
Tomsk,3
Nemiscau,2
Guiyang,47
Charlottesville,6
Tasiilaq,3
Rajahmundry,1
Dakar,31
Eau Claire,1
Chengdu,97
Owensboro,2
Southend,14
Sharm El Sheikh,15
Lahaina,2
Nanchang,35
Kilgore,1
Narsarsuaq,5
Stephenville,2
St Kitts,6
Kita Kyushu,1
Kastoria,1
Ottawa,23
Bojnord,1
Islay,1
Sisimiut,3
Bima,1
Bussellton,2
Laurel,1
New Iberia,3
Rondonopolis,1
Patos De Minas,2
Paro,5
Gillette,3
Isafjordur,1
Nakashibetsu,2
Chania,32
Powell River,1
Waskaganish,5
Shishmaref,2
Hanover,49
Baie Comeau,4
Mekoryuk,2
Yaounde,12
Aurillac,1
Isles Of Scilly,3
Riverton,1
Qaqortoq,4
Dodge City,2
Goa,12
Londrina,5
Angeles City,8
Krasnojarsk,25
Bhairawa,1
Moosonee,3
Naryan-Mar,3
Dehra Dun,2
Manzini,1
Stebbins,4
Jodhpur,2
Avignon,2
Varanasi,6
Xieng Khouang,1
Treasure Cay,1
Aurangabad,2
High Point,14
Iliamna,1
Pau,3
Jeddah,104
Glasgow,65
Jackson,11
Surat Thani,2
Fort Dauphin,2
Adiyaman,2
Lubumbashi,7
Launceston,5
Norman Wells,4
Lefkosa,6
Porto Seguro,3
Rasht,7
Kamloops,3
Puerto Madryn,1
Perth,35
Silver City,1
In Salah,3
Wu Hai,3
Visby,3
Lubango,3
Itaituba,1
Dubois,2
Fort Hope,3
Yulin,6
Tallinn,26
Mexicali,3
Heihe,1
Traverse City,3
Kogalym,1
Alluitsup Paa,2
Ghat,1
Honolulu,50
Miri,20
Aktau,15
Sao Jose Do Rio Preto,4
Port Au Prince,12
Puerto Ordaz,5
Rotuma Island,1
Tete,6
Kyzyl,1
Obihiro,1
Sambu,2
Canakkale,1
San Francisco,100
Babo,1
Dayong,12
Pavones,3
Namsos,3
Lands End,1
Moruya,2
Fukue,2
Belem,18
Jinzhou,3
Redmond,6
Linkoping,2
Palmas,3
Upernavik,2
Socotra,1
Palmar,2
Dalian,54
Kilimanjaro,10
George,3
Flores Island,4
Villahermosa,8
Dubuque,1
Mitu,2
Thunder Bay,12
Samara,16
Liege,8
North Spirit Lake,3
Novokuznetsk,1
Bharatpur,1
Islip,11
Okayama,7
Miyako Jima,3
Volos,5
Chokurdah,1
Rhodes,46
Flint,8
Kumejima,1
Pilot Point,3
Haines,2
Governors Harbour,3
Roatan,10
Gyoumri,1
Queretaro,5
Zachar Bay,1
Gorgan,5
Havre,1
Puebla,6
Ogle,1
Busan,34
Naples,46
New Orleans,34
Qui Nhon,2
Cabinda,2
Samos,8
Paphos,21
Nakhichevan,2
Lawas,3
Pullman,2
Palma Mallorca,109
Gustavus,2
Hollis,3
Zaisan,1
Calbayog,1
Belmopan,4
Accra,29
Friday Harbor,2
Kulusuk,5
Aomori,5
Richards Bay,1
Reynosa,5
Tobruk,3
Joao Pessoa,5
Zhanjiang,12
Hohhot,32
Gheshm,5
Pueblo,1
Marsh Harbour,6
Sevilla,34
Parsabad,1
Sapporo,32
Eastsound,2
Nizhniy Novgorod,11
Guanambi,2
Madison,11
Leros,2
Houeisay,1
Maroua,2
Herat,4
Port Vila,21
Modesto,1
Barinas,1
Fernando De Noronha,2
Imperatriz,5
Sonderborg,1
Deline,2
Weifang,7
Westport,1
Hayden,1
Pilot Station,3
Saskatoon,9
Grand Canyon,2
Santa Barbara,6
Diqing,5
Ioannina,1
Cairns,29
Lake Charles,2
Al-Fujairah,1
Tuzla,3
Tuktoyaktuk,1
Kuwait City,53
Yuma,2
Maio,1
New Bedford,2
Houston,168
Turin,27
Franklin,2
Dzaoudzi,10
Goodnews Bay,2
Sakaka Al Jouf,2
Male,23
Beihai,15
Togiak Village,1
Manus Island,5
Tianjin,47
Tucurui,2
Heringsdorf,5
Lahad Datu,1
Karpathos,4
Fargo,9
Misima Island,2
Manistee,1
Cuiaba,15
Chisinau,23
Paraburdoo,1
Goroka,4
Clarksburg,3
Merimbula,3
Brno,1
Venice,67
Budapest,64
Masset,1
Zhoushan,6
Manhattan,2
Holman,3
Loja,2
Palembang,7
Lijiang City,27
Longyan,1
Porbandar,2
Peshawar,17
Yap,1
Geneva,96
Baubau,1
Cruzeiro Do Sul,1
Fuoshan,1
Santa Clara,6
Pelican,2
Coimbatore,8
Vladikavkaz,1
Valladolid,2
Ballina,3
Lome,16
San Luis Obispo,3
Mariehamn,3
Tbilisi,21
Koumac,2
Williams Lake,2
Wanganui,1
Dammam,47
La Tabatiere,2
Bonaire,6
Presque Isle,1
Jamnagar,1
Detroit,129
Kapuskasing,2
Thessaloniki,47
Matamoros,1
Curitiba,19
Weipa,1
Nuuk,8
Abu Simbel,1
Bethel,29
Kugluktuk/Coppermine,3
Dera Ismail Khan,2
Stevens Village,2
Nulato,3
Cuenca,2
Anqing,7
Huanuco,1
Araguaina,3
Hoonah,2
Mare,1
Rimini,2
Pond Inlet,2
Bari,36
Chevery,4
Amarillo,5
Labasa,2
Nyaung-u,3
Pyongyang,4
Orsta-Volda,4
Monroe,3
Catania,47
Kahului,21
Misurata,7
Cauayan,1
Chalkyitsik,2
Sanandaj,1
Samcheok,1
Svay Rieng,1
Bata,2
Gdansk,43
Las Vegas,125
Oudomxay,1
Ozarowice,26
Keewaywin,2
Addis Ababa,75
Hanoi,42
Barrow,7
Caxias Do Sul,2
Altenrhein,2
New Haven,1
Cayo Largo Del Sur,4
Peawanuck,1
Yangyang,1
Aguadilla,4
Vancouver,73
Gjoa Haven,3
Armidale,1
Elba Island,5
Limoges,10
Charleville,4
Brindisi,17
Thargomindah,1
Kasama,2
Deering,2
San Cristobal,1
Varadero,11
Williamsburg,5
Santa Cruz Is,1
Sanaa,25
Murmansk,5
Kokkola/Pietarsaari,2
Puerto Maldonado,2
Maun,6
Batsfjord,5
Smithers,3
Wunnummin Lake,3
Kangiqsualujjuaq,1
Canaima,1
Agen,2
Kasane,3
Long Akah,2
Joinville,2
Mukah,2
Laoag,1
Aasiaat,3
Bellona,2
Durham Tees Valley,2
Kerikeri,1
Uraj,3
Monte Alegre,1
Wichita Falls,1
Mission,5
Ile Des Pins,1
Balikpapan,13
Maastricht,11
Fak Fak,4
Skelleftea,3
Porlamar,14
Golmud,2
Assiut,5
Conakry,8
Tel Aviv Yafo,72
Vilnius,37
Arona,2
Campeche,1
Los Alamos,1
Rio Grande,4
Osorno,2
Gachsaran,1
Whitehorse,5
Windsor,2
Billund,38
Dortmund,28
Turku,7
Zadar,22
Decatur,2
Marrakech,44
Nampula,7
Atlanta,200
Wuhan,62
Graciosa Island,1
Moree,1
Aarhus,8
Simao,1
Wuyishan,9
Zunyi,13
Rainbow Lake,2
Tijuana,32
Igiugig,2
Carajas,3
Oruro,2
Bydgoszcz,3
Asahikawa,3
Penang,17
Dalanzadgad,1
Ronneby,1
Larnaca,51
Tuy Hoa,2
Salalah,6
Belgorod,9
Cuneo,5
Narsaq,2
Kauai Island,11
Cody/Yellowstone,2
Quesnel,2
Saipan,9
Dryden,4
Windorah,2
Hyderabad,32
Piura,1
Wagga Wagga,2
Mikonos,10
Zabol,1
Tanna,5
Norfolk,17
Prishtina,16
Minto,2
Phnom Penh,14
Quincy,1
Lille,32
Glendive,1
Cebu,28
Ji-Parana,1
Arutua,2
Sandy Lake,5
Gloucester,1
Mara Lodges,2
Minsk,38
Liberal,2
La Paz,22
Managua,8
Monastir,9
Nouadhibou,3
Holguin,9
Atmautluak,3
Santander,17
Bathurst,4
Mendoza,7
Ouarzazate,2
Antananarivo,20
Berbera,7
Santa Cruz De La Palma,7
Halmstad,3
Virac,1
Oakland,32
Montrose,1
Ghadames,1
Khovd,1
Karratha,6
Calama,4
Jacksonville,23
Vardoe,3
WonJu,1
Le Puy,1
Huahine,4
Placencia,5
Baton Rouge,4
Tivat,6
Vorkuta,2
Prague,88
Novy Urengoy,8
Castres,3
Okinawa,29
Araracuara,2
Ilorin,1
Entebbe,20
Rzeszow,9
Lucknow,9
Akulivik,2
St Pierre,3
Devonport,1
Ekaterinburg,56
Taipei,103
Naberevnye Chelny,5
Deer Lake,8
La Ceiba,7
Povungnituk,4
Gudja,67
Dar Es Salaam,22
Hue,2
White River,2
Nouakchott,9
Agri,2
Roervik,3
Puerto Cabello,2
Agra,3
Odate Noshiro,1
Napier-Hastings,3
Kochi,25
Saint John,3
Hammerfest,9
Kabul,12
Tapachula,2
Blanc Sablon,3
Hamilton Island,4
Espiritu Santo,10
Lycksele,2
Genoa,16
Cape Lisburne,2
Fuzhou,43
Matsuyama,6
Shantou,23
Victoria,9
Long Lellang,2
Tampere,10
Ouzinkie,2
Bratsk,3
Palmerston North,5
Beijing,193
Axum,2
Jazan,4
Ranchi,4
Benbecula,2
Kuqa,1
Tin City,2
Blackall,2
Maldonado,2
Antalaha,3
Gabes,3
Preveza/Lefkas,9
Ibiza,52
Johor Bahru,10
Barreiras,2
Srinagar,6
Djanet,3
Corazon De Jesus,1
Riga,59
Monteria,2
Brive-La-Gaillarde,4
Buenos Aires,68
Djerba,23
Vinh City,5
San Antonio,33
Makhachkala,4
La Fria,1
Moranbah,2
Phitsanulok,1
Nantucket,5
Mount Gambier,2
Nukus,2
Cardiff,19
Tromso,20
Zhob,2
Tyler,2
Bobo Dioulasso,2
Petersburg,2
St George,2
Alicante,83
Birjand,2
Mcarthur River,1
Skien,1
Guantanamo,1
Pittsburgh,34
Vanimo,3
Tarawa,3
Acapulco,5
Parnaiba,2
Lewisburg,2
Alamosa,2
Bogota,73
El Fasher,1
Debrecen,2
Guatemala City,21
Tongren,5
David,2
Apia,5
South Caicos,2
Dhaka,33
Daegu,4
Elista,1
Bhopal,3
Nanning,42
Tacloban,2
Ancona,9
Cheboksary,2
Krasnodar,32
Kandahar,4
San Juan,49
Toowoomba,4
Belleville,1
Kumasi,1
St George Island,2
Kuopio,1
Lannion,1
Tawau,5
Tiaret,2
Hiroshima,8
Kaduna,1
Monterey,6
Khorramabad,1
Kutaisi,9
Rockland,1
Tashkent,53
Lampedusa,3
Bronnoysund,6
Salta,4
Iloilo,8
Schefferville,4
Scammon Bay,3
Matsumoto,2
Donetsk,9
Mota Lava,3
Kisangani,3
Irkutsk,24
Raleigh/Durham,35
Vernal,1
Buraidah,10
Bastia,22
Margate,1
Manzhouli,9
Dickwella,1
Qingdao,51
Hamburg,81
Amritsar,6
Jaque,2
Yakutsk,20
Laayoune,3
Sitka,2
Santo Angelo,3
Bugulma,3
Kavala,5
Poza Rica,3
Winton,2
Mogadishu,8
Kalmar,1
Dunedin,4
Gander,3
Douala,21
Guernsey,14
Springfield,8
Luxor,7
St Augustine,1
Sunyani,1
Bedourie,2
Lanzarote,51
Davao,9
Wuzhou,3
Myeik,2
Nevis,6
Rankin Inlet,10
Sitia,4
Tlemcen,4
Julia Creek,2
Toksook Bay,4
Guadalajara,40
Provo,2
Changzhi,10
Kingman,2
Grayling,2
Graz,11
Kuching,13
Touggourt,1
Bhuntar,1
Ribeirao Preto,8
Adler/Sochi,15
Enugu,3
Richmond,18
Sorong,6
Singapore,120
Phalaborwa,1
Cluj-Napoca,18
Conceicao Do Araguaia,2
Reykjavik,36
Jining,9
Cobija,3
Montes Claros,1
Bordj Badji Mokhtar,1
Tumling Tar,1
Mineralnye Vody,12
Forde,3
Luzhou,11
Cambridge Bay,4
Geneina,1
Fletcher,8
Guarapuava,1
Grafton,1
Kuujjuarapik,8
Juazeiro Do Norte,4
Lhasa,13
Orange,1
St Anthony,3
Szczecin,6
Repulse Bay,3
Kathmandu,31
Missoula,6
Elat,2
Ubon Ratchathani,1
Comiso,8
Tobago,5
Katiu,2
Memanbetsu,3
Medford,7
Batticaloa,1
Ningbo,36
Boise,16
Monte Dourado,3
Catarman,1
Temuco,2
Eirunepe,1
Erzincan,2
Saltillo,2
Duluth,3
Uummannaq,2
Fort Yukon,5
Manokwari,5
Jinghong,8
Rajshahi,2
High Level,2
Malatya,2
Mudanjiang,6
Macmahon Camp 4,1
Jiayuguan,3
Iki,1
Ondangwa,1
San Rafael,3
Bardufoss,1
Liberia,14
Aalborg,13
Joensuu,1
North Bay,2
Merida,9
Cartagena,8
Nanking/nanjing,54
Comodoro Rivadavia,6
Joplin,1
Gizo,5
Gold Coast,13
El Paso,10
Amboseli,1
General Santos,3
Popondetta,4
Pescara,9
Stuttgart,79
Huntington,4
Nikolski,1
Auckland,49
Nanyang,7
Fort Myers,30
Manley Hot Springs,2
Rabat,7
Lazaro Cardenas,1
Salamanca,1
Rio Branco,3
Friedrichshafen,12
Alghero,27
Ljubljana,20
Tete-a-La Baleine,2
Almeria,13
Valencia,56
Tulcan,1

